source_id,source_id_dr2,source_id_dr3,RA,DEC,V_mag,Phot G Mean Mag,Phot BP Mean Mag,Phot RP Mean Mag,BP-RP,Parallax,T_eff [K],Mass [M_Sun],Luminosity [L_Sun],Radius [R_Sun],HZ_limit [AU],Orbital Period [days],Semi-Amplitude_σ_RV_total [m/s],HZ Detection Limit [M_Earth],Semi-Amplitude_σ_photon [m/s],HZ Detection Limit (σ_photon) [M_Earth],σ_photon [m/s],σ_granulation [m/s],σ_p-mode [m/s],"σ_RV,total [m/s]",Density [Solar unit],logg_gaia,log_rhk,activity_noise_floor [m/s],rhk_source,Gaia Spectral type,HD Number,GJ Number,HIP Number,Object Type,Stellar Parameter Source,SIMBAD Spectral Type,Readable Spectral Type (experimental),Distance [pc],HWO_match,LOPS2_match,TESS_confirmed_match,TESS_candidate_match,sum_score
Gaia DR3 6412595290592307840,6412595290592307840,6412595290592307840,330.8724078795965,-56.79725466122902,4.673483854799271,4.322904109954834,4.907976627349854,3.610557079315186,1.297419548034668,274.8431415216296,4560.303,0.7674768,0.21481201,0.7022301,0.6801935396018817,233.8618542705035,0.09541583882557886,0.7710372276901359,0.009040132638104891,0.07305159073198791,0.04760277646490326,0.6798781638134087,0.3009235992525693,0.5024327660503699,2.216291768419251,4.5249,-4.52073956485,7.683734009901181,HD_number_match,K,HD 209100,GJ 845,108870,PM*,GAIA,K5V,K5V,3.638438981826665,1,0,1,0,2.0
Gaia DR3 4758877919212831104,4758877919212831104,4758877919212831104,88.51720463376759,-60.023737219948,7.128657276215553,6.857923030853271,7.359889030456543,6.19348669052124,1.166402339935303,77.3261340611626,4907.0,0.7568047,0.2594847,0.75517464,0.730512666090607,262.1156658290246,0.1059486112069409,0.8810631735684946,0.02847189090625549,0.2367707728642508,0.1499149439884245,0.73051299765231,0.3450616069701712,0.5578582808931118,1.75728268109685,,-5.25891545025,0.4572991062426492,HD_number_match,K,HD 40307,GJ 2046,27887,PM*,GAIA,K2.5V,K2.5V,12.93223839703444,0,1,1,0,2.0
Gaia DR3 5378886891123024512,5378886891122066560,5378886891123024512,175.2561753700118,-44.40411484982858,7.744590456547737,7.394228935241699,7.979490756988525,6.665698051452637,1.313792705535889,78.22675647892444,4520.0,0.715,0.16284244,0.6427813,0.5937637878082087,197.6108576999949,0.09666948165170583,0.7044582505479338,0.03707916719312158,0.2702065306065478,0.1952637408705858,0.6382230139918799,0.2713711300321883,0.5090741255600304,2.692255921705275,,-4.74418052278,3.270847772146885,HIP_number_match,K,HD 101581,GJ 435,56998,PM*,,K4.5Vk:,K4V and K5V,12.7833499049576,0,0,1,1,1.5
Gaia DR3 6748283784056800384,6748283784056800384,6748283784056800384,299.1564058280886,-31.33517684397185,8.397654054045677,8.074734687805176,8.631278991699219,7.368726253509521,1.262552738189697,51.15731381284287,4607.3096,0.7573036,0.19909318,0.6912844,0.652838626885515,221.3691085162,0.1051845472961925,0.8271720847294067,0.05038807656028661,0.3962522196013287,0.2653367376694761,0.6599307895849604,0.293826991436123,0.5538874777135112,2.292449366349665,4.5931,-4.86066630922,2.095530212495538,HD_number_match,K,HD 188474,GJ 1246,98130,PM*,GAIA,K3.5Vk:,K3.5V,19.54754707525229,0,0,1,1,1.5
Gaia DR3 4673947174316727040,4673947174316727040,4673947174316727040,51.75029890079423,-63.50020035944183,8.069829419689178,7.686758995056152,8.30611801147461,6.936548233032227,1.369569778442383,61.22711646241579,4425.028,0.715,0.20409887,0.7259589,0.6687555258669828,236.2062132450272,0.109409715095083,0.8461524089254281,0.04342301811504145,0.3358247606158521,0.2286520868473962,0.7221379453675071,0.2981269094853483,0.5761174778683598,1.868830615026467,4.5377,-4.66748991959,4.384971080522081,HD_number_match,K,HD 21749,GJ 143,16069,PM*,,K4.5V,K4V and K5V,16.33263262714404,0,0,1,1,1.5
Gaia DR3 3494677900774838144,3494677900774838144,3494677900774838144,179.7923752668886,-20.35566459910368,7.896849588732719,7.632170677185059,8.12775707244873,6.974382877349854,1.153374195098877,49.14696348449504,4852.3135,0.8226277,0.29362223,0.72640634,0.7799808915973163,277.3751454749433,0.1084617625363631,0.9716867913511416,0.04048975988998884,0.3627394940856792,0.2131853477881288,0.7189201069669843,0.3499869310089186,0.5710692933436008,2.146171637580412,4.5221,-4.88017829427,1.944930251984003,HD_number_match,K,HD 104067,GJ 1153,58451,PM*,GAIA,K2V,K2V,20.34713701723366,0,0,1,1,1.5
Gaia DR3 4109034455276324608,4109034455276324608,4109034455276324608,259.0532941000963,-26.55114609488479,6.293554830293655,5.889863014221191,6.530970096588135,5.116134166717529,1.414835929870605,167.9616795430231,4381.2256,0.71249413,0.14709747,0.64339274,0.5692959470594223,185.8487974986299,0.08861298255678167,0.6311942604282857,0.01913424482184314,0.1362940864950351,0.1007658536983551,0.6182831655134701,0.2545505546694897,0.4666587534146245,2.675178851982804,4.6238,-4.56347778148,6.525696668034002,HD_number_match,K,HD 156026,GJ 664.0,84478,RS*,GAIA,K5V,K5V,5.953738988087766,1,0,0,0,1.0
Gaia DR3 3101923001490347392,3101923001490347392,3101923001490347392,103.0727843161371,-5.17372829320013,6.561050633091926,6.231057167053223,6.795032978057861,5.518120765686035,1.276912212371826,114.3547222198799,4572.622,0.7573959,0.20681396,0.6563052,0.6668788344233283,228.5347196553994,0.09676639209942033,0.7691578664106123,0.0215795679051478,0.1715274698981553,0.1136332536692355,0.6750691223608293,0.2978263408351925,0.5095505168788419,2.679201724604715,4.5617,-4.55406021932,6.764879045692878,HD_number_match,K,HD 50281,GJ 250,32984,PM*,GAIA,K3.5V,K3.5V,8.744719768346878,1,0,0,0,1.0
Gaia DR3 4780166972587269120,4780166972587269120,4780166972587269120,63.9929255161337,-53.30804447302178,7.615119501881599,7.242782592773438,7.850983142852783,6.498486518859863,1.35249662399292,76.66379283678688,4421.5454,0.7112622,0.196277,0.712935,0.6559590325305668,230.0612490818664,0.1051515304348522,0.8032945419208626,0.03522017151850553,0.2690609583077904,0.1854610339422166,0.7121670100164926,0.2932608962473571,0.5537029126847824,1.962817497329519,4.5231,-4.88253965386,1.927454676720255,HIP_number_match,K,HD 27274,GJ 167,19884,PM*,GAIA,K4.5Vk:,K4.5V,13.04396721055723,0,1,0,0,1.0
Gaia DR3 6232511606838403968,6232511606838403968,6232511606838403968,224.3715942734814,-21.42314039626168,5.725483061494828,5.364036560058594,5.960627555847168,4.63702392578125,1.323603630065918,169.8842702825854,4503.0303,0.73,0.22034836,0.7356795,0.6914430406204679,245.7629703836871,0.1024226060409298,0.8138445361931101,0.01461539295951509,0.1161331288491458,0.076958406914061,0.728523450241159,0.309247207436402,0.5393136274016379,1.833398606190053,4.5357,-4.87472063257,1.985929147193119,HD_number_match,K,HD 131977,GJ 570,73184,BY*,,K4V,K4V,5.886360157633197,1,0,0,0,1.0
Gaia DR3 4247023886053586304,4247023886053586304,4247023886053586304,300.6956213279026,3.326715753341339,7.445705783176422,7.07664155960083,7.681397438049316,6.335810661315918,1.345586776733398,78.64649917102172,4487.138,0.7370653,0.2103397,0.71111625,0.676242153309853,236.5612673579149,0.1035738450874326,0.8178246510166601,0.03236366419604936,0.2555452330113985,0.1704168359562062,0.7062100041072963,0.3006488573105169,0.5453871619942572,2.04967100115046,4.5541,-4.55856474525,6.649400977047973,HD_number_match,K,HD 190007,GJ 775,98698,BY*,GAIA,K5V,K5V,12.7151241382714,0,0,1,0,1.0
Gaia DR3 6380214844952702848,6380214844952702848,6380214844952702848,354.9079315818153,-72.72542944515125,7.058919092321396,6.753961086273193,7.291834354400635,6.057794094085693,1.234040260314941,87.37235542781944,4720.630859375,0.7474004,0.23293945,0.7578372,0.700899620508507,247.8850510880222,0.1034076545187335,0.8370728544829681,0.02737494789486376,0.2215969976528656,0.1441440473915882,0.7145491312972724,0.3226464862227462,0.544497761634022,1.717218532617633,,-5.19755357304,0.5781773426760709,HD_number_match,K,HD 222237,GJ 902,116745,PM*,GAIA,K3+V,K3V,11.44526772917466,0,0,1,0,1.0
Gaia DR3 2552925644460225152,2552925644460225152,2552925644460225152,12.09910707515499,5.27553944692346,5.708550517215729,5.467689037322998,5.938368320465088,4.828773975372314,1.109594345092773,134.4948476893115,4859.2896,0.81159145,0.29489297,0.74619365,0.7812966968188881,279.9616300555159,0.1031216855267749,0.9184017952668383,0.0147839137731218,0.1316655452337411,0.07783926346376277,0.7297469264532314,0.3531250985305872,0.5429493280148469,1.953362366508123,4.5204,-4.91224981156,1.720542135488013,HD_number_match,G,HD 4628,GJ 33,3765,PM*,GAIA,K2.5V,K2.5V,7.435229060298576,1,0,0,0,1.0
Gaia DR3 4911306239828325760,4911306239828325760,4911306239828325760,24.95065662375784,-56.19640006625107,5.860563174533844,5.625487327575684,6.0899977684021,4.995799541473389,1.094198226928711,122.0034723530398,4902.265,0.8265656,0.3073524,0.7482267,0.7952994420381807,284.9053574958589,0.1031721371464126,0.9355616786461699,0.01587689450297911,0.143971177526507,0.08359289172403775,0.7282936186909675,0.3589072716637888,0.5432080743371672,1.973230055558392,4.5288,-4.93908810138,1.552793669059586,HD_number_match,G,HD 10361,GJ 66,,PM*,GAIA,K2V,K2V,8.196488023769628,1,0,0,0,1.0
Gaia DR3 2904830113367963264,2904830113367963264,2904830113367963264,81.56270270243877,-32.50515745795846,7.684235645537377,7.422554492950439,7.915007591247559,6.767078876495361,1.147928714752197,55.98581713923642,4791.3335,0.81422794,0.2808603,0.7347523,0.7659924800043281,271.3357519353207,0.106495287980714,0.9406360977633953,0.03662904505695965,0.3235317041765991,0.1928609668566229,0.7148828779436953,0.3418665400959516,0.5607239875813405,2.052688921124784,4.5344,-4.84427369597,2.231031307593514,HD_number_match,K,HD 35854,GJ 1079,25421,PM*,GAIA,K2/3V,K2/3V,17.86166659875671,0,1,0,0,1.0
Gaia DR3 4911306239828325632,4911306239828325632,4911306239828325632,24.95131741550617,-56.19325138476668,5.72813984459877,5.508301734924316,5.956991672515869,4.886207103729248,1.070784568786621,122.108812649359,5044.24,0.848425,0.3307818,0.72947353,0.8170306142107415,292.8154777280224,0.1029460856381189,0.9586094959406036,0.01538823344818924,0.1432915745921563,0.08101838857480913,0.7256436419054293,0.3732018204301692,0.5420067219909597,2.185671274726886,4.5958,-4.85208019017,2.165443637442135,HD_number_match,G,HD 10360,GJ 66,,PM*,GAIA,K2V,K2V,8.189417113337639,1,0,0,0,1.0
Gaia DR3 3211461469444773376,3211461469444773376,3211461469444773376,75.2066176720424,-5.758598962923454,6.203080644965172,5.886491775512695,6.436380386352539,5.186892986297607,1.249487400054932,113.0714591247876,4626.91,0.78,0.29215857,0.7966039,0.7898246852791948,290.2632249120762,0.1093408266343414,0.9598447662931058,0.01836566176992825,0.1612223436752253,0.09669506855543795,0.7745208361419774,0.3480613225914486,0.5756786147846606,1.543004944765388,4.4978,-5.01583925298,1.157995415576763,HD_number_match,K,HD 32147,GJ 183,23311,PM*,,K3+V,K3V,8.843964761225756,1,0,0,0,1.0
Gaia DR3 3936909723803146368,3936909723803146368,3936909723803146368,199.2156717072334,17.01600170156696,6.533892025775909,6.29768180847168,6.763493537902832,5.662589073181152,1.10090446472168,91.01762240593436,4876.54,0.7660175,0.30242664,0.7704703,0.7902860080872891,293.1570591856556,0.1110624764441658,0.9664621284511855,0.02163276563805056,0.1882476367555757,0.1138954800389839,0.7815906485914057,0.3674932885853415,0.5847386450984787,1.674830976344968,4.5324,-4.5040145351,8.190980117337912,HD_number_match,K,HD 115404,GJ 505,64797,PM*,GAIA,K2V,K2V,10.98688334815039,0,0,1,0,1.0
Gaia DR3 4109030160308317312,4109030160308317312,4109030160308317312,258.8351169645927,-26.60789783205067,5.053978889350891,4.828590869903564,5.282556056976318,4.222806453704834,1.059749603271484,168.1302779374897,4997.0127,0.81458086,0.334391,0.771518,0.8241641996479221,302.7588036307113,0.1073178191019269,0.9834489188848723,0.01097442089935939,0.1005684094140221,0.05777832328341696,0.7634872366446165,0.3800020170877917,0.5650087328529874,1.773764720596302,4.5379,-4.57408480884,6.266415926532147,HD_number_match,G,HD 155885,GJ 663,,PM*,GAIA,K1V,K1V,5.947768672408884,1,0,0,0,1.0
Gaia DR3 4109030160308320128,4109030160308320128,4109030160308320128,258.8341201781282,-26.6068066153994,5.058858574557305,4.831335067749023,5.287399768829346,4.229095458984375,1.058304309844971,168.003078856296,4991.236,0.8094933,0.3343426,0.7732727,0.824433121994637,303.857374296533,0.1079965394964106,0.9867341978977661,0.01099807791663608,0.1004863641195626,0.05790270120673847,0.7686744855247625,0.3807978093607899,0.5685803833380233,1.750714081180046,4.5376,-4.59456637743,5.794551318370877,HD_number_match,G,HD 155886,GJ 663,,PM*,GAIA,K2V,K2V,5.952271867918357,1,0,0,0,1.0
Gaia DR3 2623505219992303104,2623505219992303104,2623505219992303104,340.8380725457107,-6.402108803282873,8.082355416355133,7.812847137451172,8.313499450683594,7.15062141418457,1.162878036499023,46.33244237765348,4776.802,0.78605324,0.2871181,0.75104034,0.775235779595673,281.169361439991,0.1134842454380134,0.990796480186705,0.04397405077952542,0.3839240818295204,0.231528485837279,0.7498486652686539,0.3503361830308205,0.5975077357413495,1.855505169143659,4.5335,-4.94291347175,1.530254399923059,HD_number_match,K,HD 215152,GJ 4291,112190,PM*,GAIA,K3V,K3V,21.58314884091472,0,0,1,0,1.0
Gaia DR3 2791782794564103808,2791782794564103808,2791782794564103808,16.90830744929983,22.95280031332393,8.398182445340156,8.033944129943848,8.63361644744873,7.298381328582764,1.335235118865967,48.68069798652214,4488.907,0.73360217,0.22502872,0.7274849,0.6993775264486813,249.3908228905306,0.1137347082056103,0.9111400841059024,0.05016526836124941,0.4018789651373045,0.2641465911601408,0.7337565361517896,0.3110687551322458,0.5988732134903108,1.905410952608699,4.5274,-4.68203571825,4.14782770120562,HD_number_match,K,HD 6660,GJ 9040,5286,PM*,GAIA,K4V,K4V,20.54202263650497,0,0,0,1,0.5
Gaia DR3 2396530698208685312,2396530698208685312,2396530698208685312,345.0628353199427,-22.5240892127515,7.848499027075768,7.259579181671143,8.09384536743164,6.360364437103271,1.733480930328369,121.472361391852,3873.5933,0.63542384,0.10074715,0.7218945,0.4852577446490239,154.8710431124529,0.09037591744705673,0.5612763000781841,0.03062495164001108,0.1901951319791391,0.1612885380348658,0.6101825572245431,0.2091257434661461,0.4759713507449714,1.689049221463737,4.4634,-4.50094731668,8.287574668900238,HD_number_match,K,HD 217357,GJ 884,113576,PM*,GAIA,K7+Vk,K7V,8.232325349913523,0,0,0,0,0.0
Gaia DR3 3689602277083844480,3689602277083844480,3689602277083844480,192.6813956424772,-0.7698943811117503,8.455028064360619,7.822748184204102,8.702163696289062,6.89679479598999,1.805368900299072,93.85471265143892,3844.086,0.63799536,0.09920069,0.6502,0.4822833366447401,153.1397338623787,0.09305125586578901,0.5772821418658055,0.03922649339769655,0.2433578560096861,0.2065898480799717,0.6053509076220495,0.206332560385812,0.4900627904224741,2.32100793238763,4.4913,-4.52610123671,7.527867165596311,HD_number_match,K,HD 111631,GJ 488,62687,PM*,GAIA,M0V,M0V,10.65476598616669,0,0,0,0,0.0
Gaia DR3 145421309108301184,145421309108301184,145421309108301184,67.25019487312947,21.92347532672426,8.29766844391346,7.704111576080322,8.543143272399902,6.804500102996826,1.738643169403076,89.05460882101701,3969.073,0.6576647,0.122205526,0.7177415,0.5316547255887799,174.5763923657529,0.09820007995697551,0.6494338807828295,0.0409459655700582,0.2707909946123635,0.2156368045072879,0.6414462439268362,0.2286257370596673,0.5171584342797138,1.778690386939677,4.5234,-4.58116584724,6.099085107145009,HD_number_match,K,HD 28343,GJ 169,20917,PM*,GAIA,M0.5V,M0.5V,11.2290651010529,0,0,0,0,0.0
Gaia DR3 866177431955017600,866177431955017600,866177431955017600,110.0293515981532,21.98122098191772,8.082510747804642,7.971240997314453,8.31326675415039,7.16597843170166,1.14728832244873,53.95071404890075,4300.0,0.69,0.1380384264602885,0.669,0.5542511296966425,181.41725770758,0.09729154700923445,0.672913038383363,0.04309461268053503,0.2980621405275896,0.2269493240265184,0.6242816947374398,0.2479913943179192,0.5123668471259564,2.304468294889742,,,,Not found,,,GJ 271,,*,,K6V,K6V,18.53543586269504,0,0,0,0,0.0
Gaia DR3 4364527594192166400,4364527594192166400,4364527594192166400,256.2600548518835,-5.071571994790812,7.695864108662605,7.264702320098877,7.934502124786377,6.470540046691895,1.463962078094482,95.56697122169996,4311.1157,0.67106116,0.14315967,0.7222007,0.5640561961538938,188.8625167070757,0.0979159367850915,0.6737544046809605,0.03614733563180949,0.2487279129327682,0.1903600066048743,0.652855881637412,0.2558294725591564,0.5156473650779947,1.781510507227236,4.6387,-4.75838755708,3.097966058172349,HD_number_match,K,HD 154363,GJ 653,83591,PM*,GAIA,K4/5V,K4/5V,10.46386619996736,0,0,0,0,0.0
Gaia DR3 6721432232656218752,6721432232656218752,6721432232656218752,273.0899537734526,-43.44670335929374,8.344812724895478,7.846924781799316,8.58617115020752,7.012911796569824,1.573259353637695,75.7122251862617,4235.4004,0.66545904,0.13317624,0.6776436,0.5465317232897839,180.8862941944228,0.1013165084731268,0.6833678809403556,0.04783017909843522,0.3226089077493712,0.2518885214596581,0.6406321472493155,0.2457239598220647,0.5335640802479403,2.138539647024254,4.5675,-4.5358731624,7.251879021359678,HD_number_match,K,HD 166348,GJ 707,89211,PM*,GAIA,M0V,M0V,13.20790661666426,0,0,0,0,0.0
Gaia DR3 4706630501049679744,4706630501049679744,4706630501049679744,1.322328801511178,-67.83508132890724,8.455076312074661,8.091019630432129,8.690603256225586,7.35163402557373,1.338969230651855,61.00639982208859,4398.7754,0.7053809,0.14590912,0.63571703,0.5663723162415247,185.3465219198463,0.1011375989660376,0.7149595821152546,0.05182879011258659,0.3663868877575145,0.2729440123358245,0.6207483139810589,0.2553106217855717,0.5326171419366784,2.745567710296219,4.5838,-5.75190102984,0.06947751720917386,HD_number_match,K,HD 55,GJ 3,436,PM*,GAIA,K4.5V,K4.5V,16.39172288343968,0,0,0,0,0.0
Gaia DR3 5970189332424492160,5970189332424492160,5970189332424492160,254.1780947600448,-39.13735925768554,8.499015117764474,8.070219993591309,8.737366676330566,7.284913539886475,1.452453136444092,63.72610362423833,4334.8286,0.676839,0.14595562,0.67735034,0.5687106189059699,190.3871274711876,0.1049786721221311,0.7284427524832972,0.0525435805098121,0.3645977762737038,0.2767054664686451,0.6517829417757197,0.2579770363499194,0.5528396077497748,2.177937013696307,4.6294,,,Not found,K,HD 152705,,,PM*,GAIA,K3/4V,K3/4V,15.69215663798482,0,0,0,0,0.0
Gaia DR3 5835113573101867520,5835113573101867520,5835113573101867520,243.4452503826733,-57.57678559702253,7.486204287257195,7.268626689910889,7.715081691741943,6.643269538879395,1.071812152862549,73.54824313531948,4965.92431640625,0.76233464,0.20099145,0.6895932,0.6403327441419882,214.3280444528563,0.09533468460065977,0.7449594126561734,0.03361139229990141,0.2626444212950959,0.1769957238340269,0.6344640343132405,0.3071069580130522,0.5020271507000897,2.324699077934539,,-5.09630618239,0.8513962583321049,HD_number_match,K,HD 145417,GJ 615,79537,PM*,GAIA,K3VFe-1.7,K3V,13.59651784149522,0,0,0,0,0.0
Gaia DR3 5412947081295024896,5412947081287925504,5412947081295024896,147.782210929189,-43.50488163509864,7.625186750273705,7.196407794952393,7.863672256469727,6.405837535858154,1.457834720611572,88.67366322546205,4300.0,0.6977318,0.17581,0.78265923,0.62550152656897,216.2925521979516,0.1029950178844177,0.7609929934058185,0.0349132011793283,0.2579610355973949,0.1838501946533706,0.696727514216672,0.2764581187254659,0.5423637319624867,1.455359828131016,,-4.96613704302,1.40027233496857,HD_number_match,K,HD 85512,GJ 370,48331,PM*,,K6Vk:,K6V,11.27730561279955,0,0,0,0,0.0
Gaia DR3 5698188160215537920,5698188160215537920,5698188160215537920,119.5199960954203,-25.62772107082267,8.405553788685799,8.074065208435059,8.639631271362305,7.358896732330322,1.280734539031982,54.15647728067208,4600.0,0.73,0.1717854,0.61234236,0.6067051726996051,201.998609211327,0.1024607703575393,0.7626300100904873,0.0505463873264254,0.3762239122570973,0.2661814491382308,0.6364367780855682,0.2784594085018418,0.5395668766090238,3.179361779925579,,-4.57694654161,6.198245031239159,HD_number_match,K,HD 65486,GJ 9246,38939,PM*,,K4-V(k),K4V,18.46501194709151,0,0,0,0,0.0
Gaia DR3 5994771148252505216,5994771148252505216,5994771148252505216,239.4182138238268,-42.62508240537215,8.036714071187973,7.658037185668945,8.272919654846191,6.906684875488281,1.36623477935791,67.84333793843794,4413.7607,0.73,0.17772165,0.71036565,0.6244880014472013,210.944390259485,0.1016829129703043,0.7678518834769519,0.04276521876279312,0.322938759473821,0.2252009048390298,0.6608559974822553,0.2763537481700661,0.535460466941506,2.036465240490391,4.5554,-5.12560703782,0.7611886732630044,HD_number_match,K,HD 142709,GJ 604,78170,PM*,,K4V,K4V,14.73984079184628,0,0,0,0,0.0
Gaia DR3 6288325222245417856,6288325222245417856,6288325222245417856,207.4282987217777,-22.11328889048028,8.153160107531548,7.691279411315918,8.393013954162598,6.880203723907471,1.512810230255127,71.07799890467766,4214.972,0.69,0.17158246,0.75877374,0.621110223454409,215.2146019163071,0.1069155230298773,0.7828087014421552,0.04351235302936948,0.3185865588675542,0.2291331933202787,0.7029977362432115,0.2715781494047186,0.5630101224543812,1.579473028267302,4.5239,-4.76383285662,3.034152869374528,HD_number_match,K,HD 120467,GJ 529,67487,PM*,,K6Va,K6V,14.06905111863229,0,0,0,0,0.0
Gaia DR3 6187271616797377152,6187271616797377152,6187271616797377152,195.5854255859645,-26.7879996824989,8.329882057242394,7.86733865737915,8.569896697998047,7.050626277923584,1.519270420074463,56.94070614147299,4440.0,0.7,0.1737800828749375,0.701,0.6165071607213818,211.3009407922477,0.1065838309025989,0.783096718120142,0.04891845361769853,0.3594154963198833,0.2576035366399138,0.6794764265915281,0.2796120325720114,0.5612681873330188,2.032094901061378,,-4.62753501152,5.108482157809704,HD_number_match,K,HD 113194,,63618,PM*,,K5Vk:,K5V,17.56212853271319,0,0,0,0,0.0
Gaia DR3 3934198156329809152,3934198156329809152,3934198156329809152,190.2775155828128,15.3750202761841,7.88823264585495,7.507833003997803,8.124560356140137,6.753418922424316,1.37114143371582,70.8793049316243,4520.0,0.715,0.19137284,0.7564883,0.6436800632468691,223.0464568381927,0.1042633536996727,0.7910897097897504,0.03961704184627414,0.3005910804209608,0.208617166863281,0.6918768682885671,0.2927632856033883,0.5490345680248091,1.651579163854758,,-4.97541693707,1.351474589441396,HD_number_match,K,HD 110315,GJ 481,61901,PM*,,K4.5V,K4V and K5V,14.10849049612828,0,0,0,0,0.0
Gaia DR3 5849837820492182272,5849837820492182272,5849837820492182272,220.6175467291417,-64.97922859131442,8.454020876011848,8.011326789855957,8.693023681640625,7.214405536651611,1.478618144989014,60.82249807378889,4440.0,0.7,0.1737800828749375,0.701,0.6165071607213818,211.3009407922477,0.1079350553431311,0.7930244849855631,0.0517965082452272,0.3805612471744178,0.2727593111148865,0.6794764265915281,0.2796120325720114,0.5683837065069413,2.032094901061378,,,,Not found,K,,GJ 560,,PM*,,K5V,K5V,16.44128458497078,0,0,0,0,0.0
Gaia DR3 3382815271394515072,3382815271394515072,3382815271394515072,100.3164640384407,23.95648628714462,8.066320527038574,7.743427276611328,8.299935340881348,7.037789344787598,1.26214599609375,57.94513210839474,4580.8833,0.7554935,0.20262486,0.66154236,0.6597368214229916,225.1562372740237,0.1030420658804685,0.8136193722033854,0.04318474559901292,0.340986424357897,0.2274030761417832,0.6692755149589458,0.2956136570432348,0.5426009214179185,2.609502741560593,4.5561,-4.65583180431,4.58478743093614,HD_number_match,K,HD 47752,GJ 241,32010,PM*,GAIA,K3.5V,K3.5V,17.2577050670858,0,0,0,0,0.0
Gaia DR3 3487062064765702272,3487062064765702272,3487062064765702272,179.4787669248143,-27.70980606489131,6.950469207315445,6.578698635101318,7.186298370361328,5.835186958312988,1.35111141204834,98.2979742730708,4537.787,0.73,0.21604459,0.73413,0.6831333801733563,241.3459932051046,0.1033336447579808,0.8161348569452499,0.02575736529502256,0.2034330995444369,0.1356286600767068,0.7186057758684747,0.307739278454308,0.5441163573541297,1.845032178313241,4.5307,-4.78722969064,2.774589341009817,HD_number_match,K,HD 103932,GJ 453,58345,PM*,,K4+V,K4V,10.1731496238367,0,0,0,0,0.0
Gaia DR3 1736838805468812160,1736838805468812160,1736838805468812160,316.3326270326946,7.066791776223249,8.269753558840751,7.816643714904785,8.509196281433105,7.012903690338135,1.496292591094971,66.46255615107758,4300.0,0.69,0.18256173,0.8133548,0.6373991181283988,223.7360182444326,0.1102281566097932,0.817577280561377,0.04697968698473743,0.3484547497476145,0.2473873313462372,0.7179355717454965,0.2828128832493284,0.5804434055035506,1.28235712380358,,-4.66639420167,4.403374521721473,HD_number_match,K,HD 200779,GJ 818,104092,PM*,,K6V,K6V,15.04606590403891,0,0,0,0,0.0
Gaia DR3 3210731015768096000,3210731015767419520,3210731015768096000,82.10736002059835,-3.503099306330114,7.625078404002189,7.242387771606445,7.861436367034912,6.489079475402832,1.37235689163208,77.34986706396188,4440.0,0.7,0.20168027,0.7616906,0.6641555900024295,236.2647827747089,0.1076919604073236,0.8212459000076742,0.03536193202236498,0.2696658281628087,0.186204893660515,0.7319916065007152,0.2998801097597807,0.5670722409356911,1.584025803819568,,-4.95194631482,1.478322263437086,HD_number_match,K,HD 36003,GJ 204,25623,PM*,,K5V,K5V,12.92827044128057,0,0,0,0,0.0
Gaia DR3 4986970575602213504,4986970575602213504,4986970575602213504,11.45302795968327,-41.90951981324176,8.35088099117279,7.917257308959961,8.589539527893066,7.124752998352051,1.464786529541016,63.59380175904286,4440.0,0.7,0.1878649,0.8608553,0.6410043077412808,224.0194181780017,0.1100165799824302,0.8242209128260123,0.04939517671426065,0.3700582007469413,0.2601067411825328,0.7064756813922207,0.2900436153976951,0.5793289142544112,1.097254996552272,,,,Not found,K,HD 4378,GJ 32,,PM*,,K5Ve,K5V,15.72480292637643,0,0,0,0,0.0
Gaia DR3 5914096303621755520,5914096303621755520,5914096303621755520,257.5437749987619,-60.7261529768452,7.356441058626175,7.116920948028564,7.58627986907959,6.475841522216797,1.110438346862793,72.85383430610172,4866.0356,0.7,0.2271543,0.68606955,0.6854016508653373,247.691989787081,0.1081246844133771,0.8376304204225425,0.03158120424278758,0.2446562274919672,0.1662923591501416,0.7420594829785695,0.3341245036025839,0.5693357579159225,2.167672195328044,4.618,-5.12409896453,0.7655890599707027,HD_number_match,K,HD 154577,GJ 656,83990,PM*,GAIA,K2.5Vk:,K2.5V,13.72611351927495,0,0,0,0,0.0
Gaia DR3 5965924361179144832,5965924361179144832,5965924361179144832,257.0291897550524,-41.72534693322215,8.272146168193817,7.926979541778564,8.507072448730469,7.192235946655273,1.314836502075195,48.25402769309368,4600.0,0.73,0.204173794466953,0.713,0.6614310409124528,229.936910321767,0.1078444135020594,0.8381222391534302,0.04753734579133112,0.369440617313761,0.2503204097340422,0.6938444891297019,0.3020079382929376,0.5678831522033757,2.013975905790975,,-4.83868887726,2.279168656314401,HIP_number_match,K,HD 154590,GJ 9585,83846,SB*,,K4V,K4V,20.72365868317194,0,0,0,0,0.0
Gaia DR3 4503794795019024000,4503794795019024000,4503794795019024000,282.1223504055496,10.74351043336211,7.943171486196518,7.606561183929443,8.17754077911377,6.885082244873047,1.292458534240723,59.2344538576215,4542.2188,0.76398087,0.21502253,0.6622895,0.6813212002773181,234.9794457166584,0.1039095939894408,0.8384532195259069,0.0406978110808452,0.328393263973867,0.2143025948545906,0.6846827616639324,0.3009988367899708,0.5471570836571313,2.629897818050245,4.5353,-4.59042156897,5.88708349725504,HD_number_match,K,HD 174080,GJ 727,92283,PM*,GAIA,K0,K0,16.88206668375205,0,0,0,0,0.0
Gaia DR3 6651058467639413248,6651058467639413248,6651058467639413248,278.2702481361492,-54.26382140637475,8.458688523216248,8.086159706115723,8.69458293914795,7.340849876403809,1.353733062744141,52.29026057826837,4434.9478,0.713383,0.1939874,0.7096595,0.6515729427749556,227.4188437258571,0.1110025126290499,0.8464117887095113,0.05192258316572086,0.3959179432143303,0.2734135740847843,0.7048288434806625,0.2917604693889315,0.5845162520792428,1.99605586993501,4.5416,-4.7386396711,3.340858994028006,HIP_number_match,K,HD 170573,,90945,PM*,GAIA,K4.5Vk:,K4.5V,19.12402020837502,0,0,0,0,0.0
Gaia DR3 3052753116376444800,3052753116376444800,3052753116376444800,105.6779216810312,-6.800619953537471,8.34030846391201,7.993809700012207,8.575010299682617,7.269191265106201,1.305819034576416,52.31876162072341,4507.9497,0.7417565,0.20528483,0.7047331,0.6671805689516559,231.0881450340653,0.1080812084823477,0.8503712374727976,0.04874389338294407,0.3835116716155715,0.2566731386623086,0.6916580826202479,0.2971665054968309,0.569128583833776,2.11927517458269,4.5472,-4.782941605,2.820440457243908,HD_number_match,K,HD 52919,GJ 1094,33955,PM*,GAIA,K4V,K4V,19.11360225322881,0,0,0,0,0.0
Gaia DR3 5170039467784804096,5170039502144332800,5170039467784804096,51.24784690007301,-5.367170566006298,7.851042098021507,7.465278625488281,8.087433815002441,6.713720798492432,1.37371301651001,65.26068409308351,4505.107,0.73,0.2189551,0.7494483,0.6891621382699855,244.5479054530345,0.1082747920591284,0.8589254847791311,0.03890348096214297,0.3086146886964831,0.2048496692339088,0.726049175640444,0.3084076826668247,0.570130353149276,1.734194576495711,4.546,-4.61740374381,5.310186634409506,HD_number_match,K,HD 21197,GJ 141.0,15919,PM*,,K4V,K4V,15.323161469985,0,0,0,0,0.0
Gaia DR2 2323302296085774464,2323302296085774464,,5.599573883845239,-27.03433896049684,8.30406811569214,8.041423797607422,8.533629417419434,7.434340476989746,1.099288940429688,45.95354398498431,5053.0,0.8,0.23383564,0.630971,0.6865292056431,232.26661743161,0.1041444817543035,0.8632105919550611,0.05065636788873019,0.4198697096086632,0.26674304099447,0.6464793178140886,0.3258834599574457,0.5483973076584584,3.184650588166016,,-4.51490612117,7.856983459273754,HIP_number_match,M,HD 1815,GJ 9011,1768,SB*,GAIA,K2Vk:,K2V,21.76110726795648,0,0,0,0,0.0
Gaia DR3 4468557611977674496,4468557611977674496,4468557611977674496,271.3659116090373,2.494198758092734,5.981946700305938,5.539218425750732,6.221124649047852,4.735469818115234,1.485654830932617,195.8563315317051,5023.42578125,0.77107507,0.268764,1.0307459,0.7375291704644953,263.4290919519129,0.102376470218016,0.8634636890391532,0.01707405413832392,0.144005998074907,0.08990086648768537,0.7211951711573364,0.3525515214191653,0.5390479206629624,0.704112110357798,,-4.65256418396,4.642409589257757,HD_number_match,K,HD 165341,GJ 702,,PM*,GAIA,K4V,K4V,5.105783367734121,0,0,0,0,0.0
Gaia DR3 4329057039841257728,4329057039841257728,4329057039841257728,246.0815447961856,-13.64257883838573,8.362866440844536,8.090543746948242,8.594181060791016,7.424449443817139,1.169731616973877,46.86868600625159,4725.684,0.7754519,0.22125018,0.66972464,0.6828573868943657,234.0242425571511,0.1063660922100084,0.8656685453928256,0.04991558733877677,0.4062418105825795,0.2628412397626021,0.6708393544483133,0.3099432382337688,0.5600934905450518,2.581463756822471,4.5661,-4.61135834826,5.43431916935875,HD_number_match,K,HD 147776,GJ 621,80366,BY*,GAIA,K2V,K2V,21.33620728916135,0,0,0,0,0.0
Gaia DR3 2322574488107786624,2322574488107786624,2322574488107786624,6.111376981422521,-27.02639926481456,7.894557420854569,7.629270553588867,8.12558364868164,6.967438697814941,1.158144950866699,55.82427515848546,4759.745,0.77834666,0.23749635,0.6903041,0.7058764924658458,245.4990456578644,0.1046017850044251,0.8671535046449865,0.04029726999642654,0.3340661816005173,0.2121883157125962,0.6899656655282623,0.3212145909328299,0.5507885914501969,2.366201403288587,4.557,-4.76224393723,3.052636299506089,HD_number_match,K,HD 2025,GJ 18.0,1936,PM*,GAIA,K3V,K3V,17.91335395150217,0,0,0,0,0.0
Gaia DR3 4879850208590379904,4879850208590379904,4879850208590379904,73.92557803274882,-28.56491862106159,8.108486263890267,7.771414756774902,8.34276294708252,7.054025173187256,1.288737773895264,54.91990365732818,4548.9517,0.7491206,0.22400543,0.7177162,0.6951055580911902,244.5364113965455,0.1085534613139885,0.8760944350718329,0.04393872787641465,0.3546130589545926,0.231363206856021,0.7121734672263897,0.3098306447738538,0.5715977257140104,2.026252168653316,4.5416,-4.6264989239,5.128753027348492,HD_number_match,K,HD 31560,GJ 2037,22907,PM*,GAIA,K3.5Vk:,K3.5V,18.2083349278885,0,0,0,0,0.0
Gaia DR3 3083867749248355456,3083867749248355456,3083867749248355456,119.4900692438513,-0.814376708826008,8.054514473519326,7.737601757049561,8.287890434265137,7.035340785980225,1.252549648284912,56.64121974787593,4453.0,0.7643374,0.22388743,0.7442147,0.6991925112001577,244.2282286242678,0.1073144354396819,0.8774150509823108,0.04305423460263988,0.3520163274782599,0.2267059931574514,0.705289334648416,0.3032559859906506,0.5650739327042306,1.854344319993111,,-5.06717780144,0.9516666485827933,HD_number_match,K,HD 65277,GJ 293.1,38931,PM*,GAIA,K4V,K4V,17.65498702978585,0,0,0,0,0.0
Gaia DR3 3719665845564967552,3719665841269118720,3719665845564967552,203.3827256117346,8.587179450969051,7.945087204875946,7.636477947235107,8.178075790405273,6.941089630126953,1.23698616027832,55.12394141142045,4631.4644,0.7785243,0.23605202,0.6684057,0.7097341501743402,247.4860535264409,0.1056550011837416,0.8783750519895018,0.04097134521881023,0.3406200093080894,0.2157367052340135,0.6971663902958628,0.3153132936256913,0.5563317905513017,2.607064274122453,4.5281,-4.56459992189,6.497766932840285,HD_number_match,K,HD 117936,GJ 2102,66147,PM*,GAIA,K3V,K3V,18.14093793722853,0,0,0,0,0.0
Gaia DR3 3089675232224086784,3089675232224086784,3089675232224086784,124.8286507202207,1.338625980015025,8.335840312995911,8.089553833007812,8.565933227539062,7.445285797119141,1.120647430419922,44.67565404325484,4797.819,0.86,0.24044394,0.68824357,0.7084294869953566,234.8221075094528,0.1010759638490468,0.8823714084384853,0.04945646217675714,0.4317442696115474,0.2604231453798144,0.625821466457451,0.3103050771868473,0.5322362188744643,2.637982822945073,4.5425,,,Not found,K,,,40774,BY*,,K1V,K1V,22.38355590791805,0,0,0,0,0.0
Gaia DR3 6229442835525861120,6229442835525861120,6229442835525861120,222.9139983862148,-24.30605070904718,7.790173266768456,7.489461421966553,8.022768020629883,6.801604747772217,1.221163272857666,59.63878921662309,4655.411,0.7715746,0.2413517,0.72295415,0.7165295477415488,252.1769907508409,0.1061546604453645,0.8827771315068187,0.03820387973724264,0.3177016555409012,0.201162245042034,0.709466941431818,0.3208509746737096,0.5589565762360862,2.041952602911969,4.5447,-4.85660438231,2.128319016007738,HD_number_match,K,HD 130992,GJ 565,72688,PM*,GAIA,K3.5V,K3.5V,16.76761069658454,0,0,0,0,0.0
Gaia DR2 5334356223546961536,5334356223546961536,,171.1635170139285,-61.64723394371202,7.526553168392182,7.06222677230835,7.765401363372803,6.292994976043701,1.472406387329102,82.52529293578145,4362.7754,0.7,0.22285843,0.82630706,0.7015311332611017,256.4865918722159,0.1127511562875889,0.8836890923801747,0.03370729691431462,0.264181509064298,0.1774836936474483,0.7762453019106371,0.3111616405708239,0.5936842616544438,1.240719619582627,,,,Not found,M,HD 99279,GJ 428,55691,PM*,,K5-V,K5V,12.11749712634365,0,0,0,0,0.0
Gaia DR3 3996306127913903232,3996306127913903232,3996306127913903232,164.9087653121346,25.43740802476371,8.437501852049827,8.124186515808105,8.67070484161377,7.42510461807251,1.24560022354126,46.96549996833151,4681.7505,0.7491572,0.22190203,0.7160219,0.6858592731174333,239.6675885483356,0.1103386325886709,0.884580943618712,0.05154571817547818,0.4132402129102545,0.2714215406487728,0.6986625526220203,0.3135540114407444,0.5810042562282743,2.040769902909511,4.5607,,,Not found,K,HD 95174,,,PM*,GAIA,K4V,K4V,21.29222515834586,0,0,0,0,0.0
Gaia DR3 5630532113072532736,5630532113072532736,5630532113072532736,142.6166788918856,-32.10200628852181,8.306259956345558,8.002314567565918,8.539155006408691,7.30592679977417,1.233228206634521,50.9426573151017,4576.884,0.724203,0.22255945,0.7643726,0.6916080698488163,246.8329769735205,0.1127263675756508,0.8922605546440283,0.04821980886345649,0.3816731996838527,0.2539042489581328,0.7320515535550643,0.3147233913453621,0.5935673403045165,1.621604673108436,4.5138,-4.90498296898,1.769001786471156,HD_number_match,K,HD 82342,GJ 1126,46626,PM*,GAIA,K3.5V,K3.5V,19.62991435281008,0,0,0,0,0.0
Gaia DR3 2704912403783213696,2704912403783213696,2704912403783213696,339.9623200203776,4.116599784578261,8.452254970107079,8.181900024414062,8.683422088623047,7.519616603851318,1.163805484771729,44.29836827886993,4759.873,0.7849264,0.23172542,0.70787823,0.6972417199655236,239.9959113324327,0.1080352613367442,0.8938768154602078,0.0520969224800145,0.431046591506455,0.2743237802470046,0.675809261651931,0.3163265517079573,0.5688750866471617,2.212856580543018,4.5748,-4.51257434286,7.927323673598318,HD_number_match,G,HD 214683,,111888,BY*,GAIA,K2V,K2V,22.57419491627176,0,0,0,0,0.0
Gaia DR3 5031808453624044800,5031808453624044800,5031808453624044800,13.2579232046544,-30.35677302137321,7.13690596570015,6.884860992431641,7.367234706878662,6.237112522125244,1.130122184753418,71.7258931472584,4815.105,0.80359775,0.27359942,0.68788356,0.7548158834463337,267.1686231183544,0.1037478849290511,0.9037017395576984,0.02849467490875829,0.2482044554526176,0.1500330507341063,0.7131484002694954,0.3406463002575915,0.5462638802849513,2.468845550032698,4.5352,-4.61502043525,5.35878184658083,HD_number_match,K,HD 5133,GJ 42.0,4148,PM*,GAIA,K2.5Vk:,K2.5V,13.94196650778441,0,0,0,0,0.0
Gaia DR3 2636589099125426816,2636589099125426816,2636589099125426816,345.4665289514351,-3.849672612330977,7.458952238817215,7.207798957824707,7.689214706420898,6.561755180358887,1.127459526062012,61.83407850261514,4905.6895,0.81645477,0.27634913,0.71662754,0.753945264463457,264.5982235223817,0.1034129782830897,0.9074381120682343,0.03314838291262024,0.2908736070437862,0.1745373296073425,0.6988931937877191,0.3434444975549207,0.544503939267602,2.218460234147439,4.5783,,,Not found,K,HD 217580,GJ 886,113718,SB*,GAIA,K3V,K3V,16.17231184188679,0,0,0,0,0.0
Gaia DR3 6697578465310949376,6697578465310949376,6697578465310949376,302.8022690433109,-36.10821653736984,5.276641377577782,5.033037185668945,5.506255149841309,4.404858112335205,1.101397037506104,166.3272042796776,5011.873046875,0.7799189,0.292453,0.75729704,0.7699609551052614,279.3969070945224,0.1048370613615069,0.9086150122688924,0.01225062455909722,0.1061752517621858,0.06450125311750539,0.7446333513943568,0.3644733884930068,0.5519818029157136,1.795769813413236,,-5.04146557595,1.049946436549631,HD_number_match,,HD 191408,GJ 783,99461,PM*,GAIA,K2.5V,K2.5V,6.01224558742964,0,0,0,0,0.0
Gaia DR3 19316224572460416,19316224572460416,19316224572460416,39.02838450657828,6.893339107578528,5.787130809626579,5.498319625854492,6.0191650390625,4.820521831512451,1.198643207550049,138.3400038096467,4819.47900390625,0.8,0.2870424,0.79312927,0.772908647985593,277.45369899728,0.1036178821702635,0.9112756877426189,0.01530706358900171,0.1346191854844784,0.08059423010814012,0.733410143474521,0.3492978278237249,0.5455653457236996,1.603459718691285,,-4.95309894397,1.471823568333007,HD_number_match,,HD 16160,GJ 105,12114,PM*,GAIA,K3V,K3V,7.228567098899183,0,0,0,0,0.0
Gaia DR2 4377160604838377600,4377160604838377600,,264.8197082287717,3.554823749415744,6.513840073809623,6.200440406799316,6.745635509490967,5.556586265563965,1.189049243927002,99.13913477749777,4897.033,0.78,0.28352284,0.7397425,0.7641199743854888,276.2092954721478,0.1058039162176271,0.9135573496092466,0.02144604590232627,0.1851745526491518,0.1129173461585706,0.7416462863836658,0.3544682339800501,0.5570769309592071,1.926872109658524,,-4.85152916991,2.170009214271772,HD_number_match,G,HD 160346,GJ 688,86400,SB*,GAIA,K3-V,K3V,10.0868340463566,0,0,0,0,0.0
Gaia DR3 1185619988280226944,1185619988280226944,1185619988280226944,221.349701547571,13.84531220029897,7.84170073984623,7.596662521362305,8.071759223937988,6.952495098114014,1.119264125823975,53.16069304359237,4813.6064,0.8093724,0.268645,0.7238704,0.7480261243733433,262.6299287601947,0.1058485857271169,0.9211357398638421,0.03941784860613667,0.3430295160793324,0.2075491639969892,0.7017293179875631,0.3365868557878587,0.5573309111169145,2.133860067751222,4.5336,-4.82734242105,2.38018975236745,HD_number_match,K,HD 130004,,72146,PM*,GAIA,K0V,K0V,18.81089095621813,0,0,0,0,0.0
Gaia DR3 6614285855300051840,6614285855300051840,6614285855300051840,337.3146183010141,-30.02201682027422,7.632300328040123,7.298902034759521,7.86634635925293,6.586875438690186,1.279470920562744,63.65194057756435,4598.2256,0.7419512,0.25279695,0.74846023,0.7360726378223341,267.7543917102919,0.1114500080516668,0.9211579557225723,0.03540426933272655,0.2926237954802731,0.1864138779743661,0.7597651259351724,0.3313996112456937,0.5868170306223788,1.769575738741929,4.5355,-4.85182670194,2.167542765202993,HD_number_match,K,HD 213042,GJ 862,110996,PM*,GAIA,K4V,K4V,15.71044010482964,0,0,0,0,0.0
Gaia DR3 4467355158571184256,4467355158571184256,4467355158571184256,247.2184021509794,18.41543716752164,7.779334731731415,7.583468437194824,8.008381843566895,6.929751396179199,1.078630447387695,51.79085053099461,4965.8535,0.80879575,0.27828628,0.71271735,0.7534682085481492,265.5958174047217,0.1058736414056389,0.924369787439079,0.03847364424742621,0.3359086726670946,0.2025761164935956,0.7036780511124641,0.3484511185089795,0.5574587885946014,2.234019023809713,4.6229,,,Not found,K,HD 148653,GJ 627,,PM*,GAIA,K3V,K3V,19.30842976601712,0,0,0,0,0.0
Gaia DR3 2720132500864789760,2720132500864789760,2720132500864789760,342.8616870283014,13.97088350220636,8.254684896974563,8.030121803283691,8.48377513885498,7.403411865234375,1.080363273620605,44.3103997241109,4944.8955,0.79409754,0.2633809,0.7312613,0.7340686992992318,257.7575509336131,0.1089827430243638,0.9306127714689008,0.04786625340401154,0.4087339472652252,0.2520360351470408,0.6987207619736275,0.3415408197494185,0.5738401587329474,2.030748214587169,4.6054,-4.91685471766,1.690523330301781,HD_number_match,K,HD 216259,GJ 9798,112870,PM*,GAIA,K2.5V,K2.5V,22.56806542541442,0,0,0,0,0.0
Gaia DR3 2689454850844597504,2689454850844597504,2689454850844597504,319.514469559719,0.1607391991933428,8.152573497667312,7.855156898498535,8.38508129119873,7.167411804199219,1.217669486999512,49.48043759824748,4764.3095703125,0.78,0.2581239,0.779857,0.7356674799998952,260.9265664008473,0.1100275498810529,0.9321708503369552,0.04539236250028521,0.3845712932482622,0.2390081219063579,0.7174364526357192,0.3339014903064725,0.5793370647950595,1.644559831900565,,-5.07009316855,0.9411207311057976,HD_number_match,K,HD 202751,GJ 9731,105152,PM*,GAIA,K4/5V,K4/5V,20.21000719758021,0,0,0,0,0.0
Gaia DR3 884951489919636352,884951489919636352,884951489919636352,107.0168602982915,29.8331889109007,8.302943887834548,8.056617736816406,8.532944679260254,7.415998458862305,1.116946220397949,43.50490558529707,4850.3135,0.8044176,0.26025352,0.7041301,0.7344238057241014,256.2846524447309,0.108577014593899,0.9333790450518651,0.04881035904469869,0.4195967856012455,0.2570080607748184,0.6923022709017651,0.3339644022764119,0.5717058532583756,2.304214124791873,4.5609,,,Not found,K,HD 53927,GJ 3428,34414,PM*,GAIA,K2.5V,K2.5V,22.98591357793821,0,0,0,0,0.0
Gaia DR3 4270446404294208000,4270446404294208000,4270446404294208000,277.4691296783961,-1.818962486339465,8.018656087083816,7.68353271484375,8.2528076171875,6.969098091125488,1.283709526062012,53.15862953107903,4658.3945,0.74393433,0.25366303,0.7473658,0.7344330620282773,266.5043434873323,0.1132332852575462,0.9361027325044521,0.04245144312043383,0.3509472661983649,0.2235200076512947,0.7541188117911118,0.3340001444885473,0.5962083483321003,1.78211177339737,4.5426,-4.92399972165,1.644979393903362,HD_number_match,K,HD 170493,GJ 715,90656,PM*,GAIA,K4V,K4V,18.81162115767776,0,0,0,0,0.0
Gaia DR3 5107106033552702208,5107106033552702208,5107106033552702208,55.98205373947359,-19.11019954508799,7.068928769321442,6.820210456848145,7.299110412597656,6.174898147583008,1.124212265014648,71.75052791922663,4816.173,0.8265657,0.2948673,0.7384988,0.7835476819810785,278.6138607368977,0.1044203167417956,0.9398583547478069,0.02761839233821725,0.2485855013058635,0.1454149911698278,0.71969553286208,0.3484428472276465,0.5497886788995828,2.052239288285687,4.5112,-4.86467285719,2.063683334850034,HD_number_match,K,HD 23356,,17420,PM*,GAIA,K2V,K2V,13.93717968355234,0,0,0,0,0.0
Gaia DR3 5080543413172761088,5080543413171184640,5080543413172761088,56.35212350033606,-27.86197223296857,8.183990560603142,7.948594093322754,8.416717529296875,7.190242290496826,1.226475238800049,48.49309218354983,4609.627,0.7467615,0.25137824,0.78611016,0.7334589800197564,265.4703658625825,0.1141667271761627,0.9449839262970267,0.04567750038677939,0.3780830433400144,0.2405068111934691,0.7518183959173276,0.3300299285009038,0.6011247389859562,1.537204656891177,4.4559,,,Not found,K,HD 23588,GJ 154.1,,SB*,GAIA,K5V,K5V,20.6214938040026,0,0,0,0,0.0
Gaia DR3 5080543413172761088,5080543413172761088,5080543413172761088,56.35212350033606,-27.86197223296857,8.183990560603142,7.948594093322754,8.416717529296875,7.190242290496826,1.226475238800049,48.49309218354983,4609.627,0.7467615,0.25137824,0.78611016,0.7334589800197564,265.4703658625825,0.1141667271761627,0.9449839262970267,0.04567750038677939,0.3780830433400144,0.2405068111934691,0.7518183959173276,0.3300299285009038,0.6011247389859562,1.537204656891177,4.4559,,,Not found,K,HD 23588,GJ 154.1,,SB*,GAIA,K5V,K5V,20.6214938040026,0,0,0,0,0.0
Gaia DR3 2436812303124645504,2436812303124645504,2436812303124645504,350.7724431425794,-10.76308682814852,7.774552190699577,7.543477058410645,8.003902435302734,6.913093090057373,1.090809345245361,52.1642879193471,4884.119,0.8156233,0.28513727,0.71417576,0.7669676612251294,271.6214289866332,0.1068330741242306,0.9450288326610664,0.03831073278069193,0.3388908104996279,0.2017153241870024,0.7122101694758776,0.3478202635474361,0.5625021140739983,2.239104212270826,4.5355,-4.88360344337,1.91963333954365,HD_number_match,K,HD 220339,GJ 9824,115445,PM*,GAIA,K2V,K2V,19.17020321539005,0,0,0,0,0.0
Gaia DR3 6093381604489726848,6093381604489726848,6093381604489726848,208.1452281889314,-50.92187832107624,7.362940829076767,7.140708446502686,7.59218692779541,6.505561828613281,1.086625099182129,60.82769614442495,4876.358,0.8215552,0.29902923,0.706469,0.7858442384790627,280.6917178914015,0.106250324668201,0.9548230009886423,0.03168876511004741,0.284772417350129,0.1668452332349032,0.7246631886011305,0.3542052861704475,0.5594209852920222,2.330008041070856,4.5086,-4.93287536067,1.590109020499202,HIP_number_match,K,HD 120780,GJ 531.0,67742,SB*,GAIA,K0V,K0V,16.43987958422215,0,0,0,0,0.0
Gaia DR3 3234412606443085824,3234412606443085824,3234412606443085824,80.65647842134706,2.602426364625909,7.742217916455269,7.574897766113281,7.974358558654785,6.771440029144287,1.202918529510498,50.51711071904607,4808.392578125,0.803856,0.287645,0.6787785,0.7742988253503601,277.5345364825873,0.10893557347588,0.9612119213253701,0.03764652588128833,0.3321806487904581,0.1982151658730912,0.7314996406100315,0.3484288669862287,0.573563755500058,2.570360415770204,,,,Not found,K,HD 35112,,25119,**,GAIA,K3V,K3V,19.79527304246594,0,0,0,0,0.0
Gaia DR3 4093301474693288960,4093301474693288960,4093301474693288960,277.8283549013648,-18.90968252923386,6.783262123999596,6.564651489257812,7.011873722076416,5.950740814208984,1.061132907867432,75.84760043520981,4979.2075,0.8331298,0.3221861,0.7143538,0.809977814329264,291.6732585661947,0.1056533011927668,0.9706931456188714,0.0243270882008468,0.223505915128418,0.1280814597737968,0.7340481317076699,0.3689032699218988,0.5562617661006857,2.285454560315701,4.5288,-4.70014254554,3.870467048433293,HD_number_match,K,HD 170657,GJ 716,90790,PM*,GAIA,K2V,K2V,13.18433271800359,0,0,0,0,0.0
Gaia DR3 3712538811193759744,3712538811193759744,3712538811193759744,200.9202134382213,2.726169094369706,7.324823497924805,7.112965106964111,7.553261756896973,6.499093055725098,1.054168701171875,60.31608759578896,5132.9688,0.8252717,0.31900802,0.7587932,0.7974200586848922,286.2697905971967,0.1073635665024181,0.974103221253595,0.03383811694380622,0.3070112123685377,0.1781592783875704,0.7262455011460272,0.3752061268938852,0.5652742309789761,1.888976964516581,4.6222,-4.90793085246,1.749181135421032,HD_number_match,K,HD 116443,GJ 3782,65355,PM*,GAIA,K2V,K2V,16.5793246853401,0,0,0,0,0.0
Gaia DR3 5835498883232034816,5835498883232034816,5835498883232034816,242.4272238506283,-56.44366680941792,7.078011894307137,6.866890907287598,7.306442260742188,6.252590656280518,1.05385160446167,67.44689289916005,4986.093,0.8174492,0.32058176,0.7619096,0.8075752876774311,293.1483184823059,0.1080125247600122,0.9815264559792416,0.02786737746576049,0.2532351530730071,0.1467204175415846,0.7457484565167276,0.371491590776284,0.5686808079440233,1.848206256583958,4.5483,-4.98046635445,1.325640767852202,HD_number_match,K,HD 144628,GJ 613.0,79190,PM*,GAIA,K2V,K2V,14.82647987202467,0,0,0,0,0.0
Gaia DR3 5524815861065005696,5524815861065005696,5524815861065005696,130.5296857711255,-42.92982891858479,8.077236255049705,7.838587284088135,8.30688762664795,7.203979969024658,1.102907657623291,44.82340038279374,5031.7305,0.80144155,0.2972009,0.7515402,0.7751201651969928,278.394652426554,0.1115942006539508,0.9837122190093958,0.04504511815793025,0.397076486761942,0.2371694567019957,0.7290518879599197,0.3635898959419364,0.5875605841991005,1.888057455618471,4.6081,-4.55810974041,6.660975418028654,HD_number_match,K,HD 74385,GJ 9275,42697,PM*,GAIA,K2+V,K2V,22.30977550698871,0,0,0,0,0.0
Gaia DR3 602079652404802688,602079652404802688,602079652404802688,129.9611370971114,11.52044772882236,7.571793314557076,7.361432552337646,7.800255298614502,6.745133399963379,1.055121898651123,54.25133390879819,5069.90625,0.82456833,0.3194913,0.78170633,0.8015366597409053,288.612424517873,0.1089039325727029,0.9902037766224228,0.0365327539596571,0.3321723108311111,0.1923454986999544,0.7319254066800387,0.3729798718068781,0.5733808418663041,1.726218490132166,,-5.02122380182,1.134405932351998,HD_number_match,K,HD 73667,GJ 315.0,42499,PM*,GAIA,K2V,K2V,18.43272649629404,0,0,0,0,0.0
Gaia DR3 1833199729671740800,1833199729671740800,1833199729671740800,300.9623356058576,23.33662938817249,7.242006274032593,7.035947322845459,7.470217227935791,6.425180912017822,1.045036315917969,64.01198953137545,4945.5796,0.7756228,0.31219232,0.7806222,0.7991628361748757,296.2585538354253,0.1127252485644708,0.9925905135999767,0.03002913237398375,0.2644184182836994,0.158100653550933,0.778781922012643,0.3739221303824388,0.5934881916593282,1.630526543513457,4.5183,-5.0678482407,0.9492310163172348,HD_number_match,K,HD 190404,GJ 778,98792,PM*,GAIA,K1V,K1V,15.62207341657223,0,0,0,0,0.0
Gaia DR3 4548462729742343296,4548462729742343296,4548462729742343296,258.1572372591052,18.35067516728285,7.929346142673492,7.679500102996826,8.15957260131836,7.033559799194336,1.126012802124023,48.04638617956317,4965.0,0.8,0.30491877,0.78143907,0.7887449955507619,286.0244732006605,0.1120107704608141,0.9951283106146395,0.04122688055743436,0.3662686707023747,0.217061604446789,0.7447429237460322,0.3655036483823176,0.5897423531153134,1.676504115133601,,-5.08131281302,0.9016141737606044,HD_number_match,K,HD 155712,,84195,PM*,,K2.5V,K2V and K3V,20.81321988011153,0,0,0,0,0.0
Gaia DR3 3655492127855307136,3655492127855307136,3655492127855307136,221.8158109007526,2.702875922995389,7.747274133028984,7.514656066894531,7.976599216461182,6.886800765991211,1.089798450469971,51.76425150006539,4893.271,0.7763201,0.30353448,0.7665683,0.7908298303597685,291.5059417623976,0.114055661351181,0.9995045586001158,0.03784462471992776,0.3316439927485174,0.1992510105356341,0.7713073503044818,0.3666339398633011,0.6005002282283499,1.723408629534235,4.5358,-4.54408537266,7.0277820009053,HD_number_match,K,HD 130307,GJ 3867,72312,BY*,GAIA,K1V,K1V,19.31835139157256,0,0,0,0,0.0
