star_ID  ;prio;sys            ;R.A.[deg];R.A.[min] ;R.A.[sec]  ;DEC [deg];DEC [amin];DEC [arcs]  ;dist [pc]         ;magV     ;magJ ;magH ;magK ;spT   ;Teff ;Teff_e;met  ;mass ;mass_e;lum    ;lum_e;R*   ;R*_e;vsini ;vsini_e;logg;logg_e;age  ;age_e;Protmax;Protmax_e;Prot;Prot_e;i*;i*_e;i_dd  ;i_dd_e;Prot_d;Prot_d_e;dd_t1;dd_l1;dd_r1;dd_l2;RV_Prec(390-870) 10m;RV_Prec(390-870) 30m;HZ Rin;HZ Rout;P(HZ);mdl(hz) 30min;Notes RL;Notes MH
HD224953A;3;Multiple system;0;2;8.728;-68;16;50.751;15.196;9.57;6.736;6.113;5.896;K5.0;3950;70;-999;0.59;0.02;0.82;0.001;0.611;0.008;-999;-999;-999;-999;-999;-999;-999;-999;-999;-999;-999;-999;-999;-999;-999;-999;-999;-999;-999;-999;0.66;0.38;0.27;0.39;90.14;1.87;Close stellar comp.;
HD55;0;Unknown system ;0;5;17.689;-67;49;57.323;16.392;8.485;6.44;5.885;5.714;K4.5 V;4530;70;-0.66;0.71;0.02;0.144;0.0008;0.615;0.005;2.68;1.39;4.22;0.25;-999;-999;11.62;6.03;-999;-999;-999;-999;-999;-999;-999;-999;-999;-999;-999;-999;0.48;0.27;0.36;0.52;126.51;1.68;-999;Big jump from pre to post upgrade datasets. Taking only the pre-upgrade dataset, RMS 2.01 m/s, no RV signal. Most act ind are quiet, but signals at ~100s d in Halpha
HD693;2;Unknown system ;0;11;15.858;-15;28;4.720;18.886;4.89;4.153;3.8;3.821;F8 V;6270;70;-0.31;1.25;0.05;2.97;0.04;1.46;0.01;-999;-999;3.88;0.08;-999;-999;-999;-999;-999;-999;-999;-999;-999;-999;-999;-999;110;2.4e-06;11;-999;1.19;0.69;1.64;2.36;923.99;12.17;mdl(hz) > 10mE;
HD739;2;Unknown system ;0;11;44.021;-35;7;59.213;21.719;5.239;4.41;4.159;4.13;F5 V;6490;70;-0.04;1.29;0.05;3.04;0.03;1.38;0.01;-999;-999;4.08;0.06;-999;-999;-999;-999;-999;-999;-999;-999;-999;-999;-999;-999;-999;-999;-999;-999;2.36;1.36;1.66;2.39;926.66;24.53;mdl(hz) > 10mE;
HD1237;3;Unknown system ;0;16;12.678;-79;51;4.245;17.498;6.59;5.366;4.99;4.859;G8 V;5510;70;-0.05;0.93;0.02;0.647;0.005;0.882;0.007;5.07;2.25;-999;-999;-999;-999;8.81;3.91;-999;-999;-999;-999;-999;-999;-999;-999;-999;-999;-999;-999;0.27;0.15;0.76;1.1;339.67;1.56;Warm Jupiter at 134d, PMS star <100Myr;One known planet, b at 133.7d, 3.37 MJ (Naef et al 2001) -> CORALIE RVs. Relatively few HARPS RVs, what looks like a linear is probably part of the long-period planet. Also, the HARPS RVs are intensive series taken over 3 nights, of 10 points/night! 
HD2025;0;Unknown system ;0;24;25.933;-27;1;36.381;17.913;7.916;6.197;5.707;5.559;K3 V;4820;70;-0.31;0.77;0.02;0.245;0.002;0.71;0.004;2.36;2.54;4.46;0.04;-999;-999;15.23;16.4;-999;-999;-999;-999;-999;-999;-999;-999;-999;-999;-999;-999;0.37;0.21;0.47;0.68;181.48;1.56;-999;No data on exoplanet archive. Only 6 obs over 6 years. RV RMS reasonable
HD2151;0;Unknown system ;0;25;45.070;-77;15;15.286;7.459;2.79;1.72;1.4;1.34;G0 V;5880;70;-0.09;1.15;0.2;3.63;0.02;1.84;0.01;-999;-999;4.09;0.1;-999;-999;-999;-999;-999;-999;-999;-999;-999;-999;-999;-999;-999;-999;-999;-999;0.05;0.03;0.95;1.37;425.52;0.39;HWO target candidate;
HD3651;3;Multiple system;0;39;21.805;21;15;1.713;11.108;5.88;4.549;4.064;3.999;K0.5 V;5240;70;0.17;0.88;0.02;0.525;0.004;0.879;0.006;-999;-999;-999;-999;-999;-999;-999;-999;-999;-999;-999;-999;-999;-999;-999;-999;-999;-999;-999;-999;0.17;0.10;0.69;0.99;299.75;0.96;Warm Jupiter at 62d;
HD4391;3;Multiple system;0;45;45.593;-47;33;7.143;15.09;5.794;4.666;4.155;4.298;G3 V;5850;70;-0.18;1.02;0.03;0.944;0.006;0.946;0.005;5.0;2.24;-999;-999;-999;-999;9.58;4.29;-999;-999;-999;-999;-999;-999;-999;-999;-999;-999;-999;-999;0.21;0.12;0.92;1.33;431.53;1.43;Eclipsing Binary;RV peaks at 50, 60d, but also peaks in CRX, Halpha at 50d (G pdf). Taking the night medians (GK pdf), no peaks!
HD4378A;0;Multiple system;0;45;48.287;-41;54;33.080;15.725;8.51;6.082;5.449;5.318;K5 V;3800;200;-999;0.6;0.1;0.2;0.1;1.1;0.4;-999;-999;3.32;0.7;-999;-999;-999;-999;-999;-999;-999;-999;-999;-999;-999;-999;-999;-999;-999;-999;0.33;0.19;0.45;0.65;192.33;1.22;-999;
HD4628;0;Multiple system;0;48;22.976;5;16;50.209;7.435;5.74;4.367;3.722;3.683;K2.5 V;5020;70;-0.22;0.8;0.02;0.294;0.002;0.718;0.005;-999;-999;3.71;0.11;5310;-999;-999;-999;-999;-999;-999;-999;-999;-999;-999;-999;-999;-999;-999;-999;0.14;0.08;0.52;0.74;204.19;0.63;-999;
HD4676;3;Multiple system;0;48;58.708;16;56;26.324;23.392;4.926;4.433;4.152;4.182;F8 V;6065;70;0.01;1.25;0.1;4.12;0.04;1.84;0.01;-999;-999;-999;-999;-999;-999;-999;-999;-999;-999;-999;-999;-999;-999;-999;-999;-999;-999;-999;-999;0.61;0.24;1.93;2.78;1180.6;4.6;Spectroscopic Binary;
HD4747;3;Multiple system;0;49;26.760;-23;12;44.869;18.849;7.15;5.813;5.433;5.305;G8 V;5550;70;-0.2;0.91;0.05;0.442;0.004;0.718;0.006;-999;-999;-999;-999;-999;-999;-999;-999;-999;-999;-999;-999;-999;-999;-999;-999;800;0.0005;0.08;-999;0.35;0.20;0.63;0.91;258.7;1.87;Spectroscopic Binary, Hot Jupiter;
HD4813;1;Unknown system ;0;50;7.589;-10;38;39.584;15.923;5.19;4.41;4.012;4.015;F7 V;6100;70;-0.12;1.16;0.05;1.78;0.01;1.196;0.008;-999;-999;4.06;0.13;-999;-999;-999;-999;-999;-999;-999;-999;-999;-999;-999;-999;-999;-999;-999;-999;0.63;0.36;1.27;1.83;654.4;5.39;;
HD4967;0;Multiple system;0;51;34.020;22;54;36.240;15.363;8.954;6.545;5.921;5.735;K5 V;4237;70;0.28;0.66;0.02;0.1085;0.0007;0.612;0.004;-999;-999;4.45;0.06;-999;-999;-999;-999;-999;-999;-999;-999;-999;-999;-999;-999;-999;-999;-999;-999;0.58;0.33;0.31;0.45;105.31;1.84;-999;
HD5133;0;Single system  ;0;53;1.135;-30;21;24.891;13.942;7.171;5.537;5.049;4.894;K2.5 V;5010;70;-0.07;0.8;0.02;0.282;0.002;0.703;0.004;1.5;1.5;4.46;0.04;2500;1000;23.73;23.73;-999;-999;-999;-999;38;26;14.6;17.9;62;1.1e-05;11;-999;0.27;0.15;0.50;0.73;196.95;1.17;-999;
HD6101;3;Multiple system;1;2;24.553;5;3;41.609;22.492;8.131;6.199;5.676;5.51;K2 V;4610;70;-999;0.77;0.03;0.31;0.02;0.87;0.02;-999;-999;-999;-999;-999;-999;-999;-999;-999;-999;-999;-999;-999;-999;-999;-999;-999;-999;-999;-999;0.41;0.23;0.53;0.76;215.61;1.81;Close vis. comp.;Only 4 data points, all in one month, high scatter
HD7439;3;Multiple system;1;14;24.041;-7;55;22.173;24.0531;5.13;4.396;4.019;4.064;F5 V;6450;70;-0.25;1.33;0.1;4.08;0.04;1.62;0.02;-999;-999;4.02;0.08;-999;-999;-999;-999;-999;-999;-999;-999;-999;-999;-999;-999;-999;-999;-999;-999;2.08;1.20;1.92;0.77;494.01;17.91;"mdl(hz) > 10mE, close binary (0.2"")";
HD7788;2;Multiple system;1;15;46.089;-68;52;33.336;23.261;4.25;3.759;3.457;3.876;F6 IV;6530;80;-0.2;1.35;0.05;4.0;0.1;1.55;0.03;17.19;0.955;2.48;1.5;2850;-999;4.57;0.27;-999;-999;-999;-999;-999;-999;-999;-999;-999;-999;-999;-999;1.61;0.93;1.89;2.72;1100;18.31;RUWE 10.4, PMaG3 10.1, mdl(hz) > 10mE;
HD9540;0;Multiple system;1;33;15.809;-24;10;40.655;19.265;6.97;5.694;5.269;5.157;K0 V;5490;70;-0.02;0.91;0.02;0.552;0.003;0.822;0.005;-999;-999;4.17;0.07;-999;-999;-999;-999;-999;-999;-999;-999;-999;-999;-999;-999;-999;-999;-999;-999;0.31;0.18;0.71;1.02;308.02;1.78;-999;
HD10361;3;Multiple system;1;39;47.565;-56;11;47.213;8.196;5.797;4.043;3.6;3.51;K2 V;5400;70;-0.22;0.85;0.05;0.316;0.036;0.638;0.008;7.334;0.407;-999;-999;85;65;4.41;0.25;-999;-999;-999;-999;-999;-999;-999;-999;-999;-999;-999;-999;0.18;0.10;0.53;0.77;207.61;0.83; PMS star <100Myr;
GJ66B;2;Multiple system;1;39;47.813;-56;11;35.944;8.189;5.685;3.57;-999;3.56;K2 V;5210;70;-0.22;0.88;0.05;-999;-999;-999;-999;-999;-999;4.45;0.04;-999;-999;-999;-999;-999;-999;-999;-999;-999;-999;-999;-999;300;0.0001;-999;-999;0.15;0.09;-999;-999;-999;-999;no lum, no rad;
HD10647;1;Unknown system ;1;42;29.315;-53;44;26.991;17.349;5.52;4.791;4.399;4.34;F9 V;6150;70;-0.01;1.13;0.04;1.552;0.008;1.099;0.008;8.59;0.477;4.39;0.03;1700;600;6.48;0.36;4.75;-999;46.5;-999;76.7;1.0;6.31;0.37;40;0.000245;59;6.3e-05;0.98;0.57;1.19;1.71;599.92;8.14;;
HD10476;0;Multiple system;1;42;29.763;20;16;6.646;7.532;5.24;3.855;3.391;3.285;K1 V;5250;70;-0.01;0.86;0.02;0.446;0.003;0.807;0.005;-999;-999;4.17;0.08;4930;-999;-999;-999;-999;-999;-999;-999;-999;-999;-999;-999;-999;-999;-999;-999;0.13;0.07;0.64;0.92;271.31;0.64;-999;
HD10700;2;Single system  ;1;44;4.083;-15;56;14.928;3.652;3.49;2.149;1.8;1.794;G8 V;5430;70;-0.51;0.61;0.02;0.484;0.003;0.787;0.005;0.52;1.5;4.33;0.2;6000;1500;76.64;221.08;13.4;-999;30.3;-999;35;10;44.0;127.5;100;1.4e-05;5;-999;0.06;0.04;0.66;0.95;337.76;0.31;-999;"4 known planets, tau Cet g at 20d, 1.75Me; h at 49d, 1.8Me; e at 162d, 3.9Me; f at 636d, 3.9Me. 11346 obs over 561 nights!! Suitable: unlikely to find more candidates, but could do independent confirmation/validation?"
HD13445;3;Unknown system ;2;10;25.918;-50;49;25.465;10.782;6.12;4.785;4.245;4.125;K0 V;5420;70;-0.23;0.87;0.03;0.385;0.003;0.704;0.006;2.0;1.4;-999;-999;-999;-999;17.83;12.48;-999;-999;-999;-999;-999;-999;-999;-999;700;0.0005;0.1;-999;0.21;0.12;0.59;0.85;239.23;1.06;Hot Jupiter;One planet, b at 15d, 4.4Mj
HD14412;0;Unknown system ;2;18;58.505;-25;56;44.474;12.835;6.33;5.056;4.694;4.551;G8 V;5560;70;-0.45;0.87;0.03;0.437;0.002;0.765;0.038;3.5;1.87;4.59;0.07;7244;4778;11.07;5.94;-999;-999;-999;-999;-999;-999;-999;-999;130;4E-06;3;-999;0.24;0.14;0.68;0.97;293.43;1.32;-999;Pretty flat periodograms (save Ha some peaks at 10-100d, but not significant). But only for the night-medianned! Unbinned lots of peaks everywhere, especially 10-20d for RVs
HD15468;3;Multiple system;2;29;1.727;-19;58;45.052;19.377;8.767;6.591;5.997;5.828;K4.5 V;4390;70;-999;0.69;0.02;0.182;0.001;0.737;0.006;-999;-999;-999;-999;-999;-999;-999;-999;-999;-999;-999;-999;-999;-999;-999;-999;-999;-999;-999;-999;0.55;0.31;0.41;0.58;153.13;2.02;"Close vis. comp. at 0.3""";
HD15798;3;Multiple system;2;32;5.188;-15;14;41.654;23.053;4.75;3.834;3.525;3.473;F5 V;6370;70;-0.17;1.25;0.1;7.4;0.1;2.23;0.02;-999;-999;-999;-999;-999;-999;-999;-999;-999;-999;-999;-999;-999;-999;-999;-999;-999;-999;-999;-999;1.47;0.85;2.58;3.72;1826.4;18.82;"Close WDS comp. 0.2""";
HD16160;0;Multiple system;2;36;4.901;6;53;12.384;7.229;5.498;4.15;3.66;3.52;K3 V;4820;70;-0.1;0.78;0.02;0.281;0.003;0.759;0.008;2.0;1.4;3.86;0.2;-999;-999;19.22;13.45;-999;-999;-999;-999;-999;-999;-999;-999;-999;-999;-999;-999;0.12;0.07;0.50;0.73;199.45;0.54;-999;Lots of peaks in unbinned RVs, plus long-term 2nd order trend
HD16765;3;Multiple system;2;41;13.997;0;41;43.250;22.287;5.72;4.715;4.642;4.506;F7 IV;6190;70;-1.93;1.19;0.05;2.16;0.09;1.28;0.03;41.301;2.294;-999;-999;30;-999;1.57;0.09;-999;-999;-999;-999;-999;-999;-999;-999;-999;-999;-999;-999;1.29;0.75;1.40;2.02;748.68;11.94;probably PMS star <100Myr, vsini~41km/s;
HD17051;2;Unknown system ;2;42;33.467;-50;48;1.055;17.357;5.4;4.75;4.323;4.138;F8 V;6210;70;0.16;1.17;0.05;1.705;0.008;1.133;0.006;-999;-999;4.21;0.08;-999;-999;-999;-999;-999;-999;-999;-999;-999;-999;-999;-999;-999;-999;-999;-999;1.22;0.70;1.25;1.80;635.9;10.43;mdl(hz) > 10mE;
HD17206;2;Unknown system ;2;45;6.199;-18;34;21.442;14.276;4.47;3.486;3.236;3.249;F7 V;6420;70;0.01;1.25;0.04;2.65;0.04;1.32;0.01;20.47;1.137;4.5;0.5;-999;-999;3.27;0.18;-999;-999;-999;-999;-999;-999;-999;-999;-999;-999;-999;-999;1.44;0.83;1.55;2.24;852.19;14.25;Spectroscopic Binary? mdl(hz) > 10mE;
HD17925;3;Single system  ;2;52;32.128;-12;46;10.968;10.361;6.05;4.83;4.23;4.167;K1 V;5140;70;0.15;0.89;0.02;0.4;0.003;0.786;0.006;4.68;2.16;-999;-999;200;100;8.5;3.93;7.0;-999;46.8;-999;67.4;19.8;7.85;4.63;98;4.9e-05;5;-999;0.17;0.10;0.59;0.85;236.53;0.89;PMS star <500Myr, RS CVn Variable;Very high scatter, no peaks in periodograms
HD19305;0;Unknown system ;3;6;26.737;1;57;54.631;14.720;9.07;6.492;5.843;5.646;M0 V;4099;70;-999;0.64;0.02;0.1031;0.0005;0.637;0.003;-999;-999;4.45;0.04;-999;-999;-999;-999;-999;-999;-999;-999;-999;-999;-999;-999;-999;-999;-999;-999;0.58;0.33;0.31;0.44;104.84;1.8;-999;
HD20010B;3;Multiple system;3;12;4.199;-28;59;13.011;14.083;7.19;2.572;2.317;2.238;G7 V;5550;200;-0.22;-999;-999;0.9;0.9;0.1;0.07;-999;-999;-999;-999;-999;-999;-999;-999;-999;-999;-999;-999;-999;-999;-999;-999;-999;-999;-999;-999;0.36;0.21;-999;-999;-999;-999;very odd SED and Teff;
HD20010;1;Multiple system;3;12;4.530;-28;59;15.439;14.237;3.8;2.572;2.317;2.238;F6 V;6170;70;-0.22;1.3;0.15;4.76;0.08;1.91;0.03;-999;-999;3.5;0.9;-999;-999;-999;-999;-999;-999;-999;-999;-999;-999;-999;-999;-999;-999;-999;-999;0.53;0.31;2.08;2.99;1292.9;6.28;;
HD20280;3;Unknown system ;3;14;44.624;-26;26;46.496;18.673;9.141;6.86;6.267;6.067;K5.5 V;4317;70;-999;0.68;0.03;0.1232;0.0007;0.627;0.004;-999;-999;-999;-999;45;5;-999;-999;-999;-999;-999;-999;-999;-999;-999;-999;-999;-999;-999;-999;0.64;0.37;0.33;0.48;114.16;2.17;PMS star <100Myr;13 points over 14 years, RMS 6.17m/s
HD20766;2;Unknown system ;3;17;46.163;-62;34;31.152;12.045;5.53;4.462;4.041;3.994;G2.5 V;5790;70;-0.22;0.99;0.03;0.787;0.004;0.881;0.006;2.64;1.38;3.96;0.17;-999;-999;16.9;8.83;-999;-999;-999;-999;-999;-999;-999;-999;-999;-999;-999;-999;0.19;0.11;0.84;1.22;383.72;1.24;-999;Forest of peaks in 10-100d range in all periodograms, high RV scatter. 68 obs on 26 nights, binned periodograms are cleaner but all show peaks at ~450d. Honestly, purely by eye looks like a sinusoid? -> fitting for 1562d, 0.45Mj, 6d, 26Me, rms still 5.89m/s
HD20807;3;Multiple system;3;18;12.818;-62;30;22.904;12.039;5.24;4.27;3.874;3.86;G1 V;5910;70;-0.23;1.04;0.03;1.016;0.006;0.962;0.007;2.06;1.44;-999;-999;6230;2600;23.65;16.53;-999;-999;-999;-999;82.5;4.2;23.45;16.48;0;0;0;-999;0.17;0.10;0.96;1.38;453.25;1.23;close interferometric binary;Forest of peaks in 10-1000d range in all periodograms. 316 obs on 99 nights, night-medianned periodograms look cleaner...
HD20630;3;Multiple system;3;19;21.696;3;22;12.715;9.276;4.84;3.407;3.039;2.957;G5 V;5730;70;0.09;0.99;0.02;0.844;0.007;0.932;0.007;-999;-999;-999;-999;30;-999;-999;-999;-999;-999;-999;-999;-999;-999;-999;-999;-999;-999;-999;-999;0.13;0.08;0.87;1.26;403.45;0.92;PMS star <100Myr;
HD20794;2;Unknown system ;3;19;55.651;-43;4;11.215;6.041;4.27;2.99;2.6;2.53;G6 V;5590;70;-0.39;0.94;0.02;0.647;0.004;0.857;0.009;-999;-999;3.73;0.14;11200;1800;-999;-999;-999;-999;-999;-999;-999;-999;-999;-999;230;3E-05;1.2;-999;0.10;0.05;0.76;1.1;337.86;0.52;-999;"4 planets (Pepe et al 2011, Feng et al 2017): b at 18d, 2.7 Me; c at 40d, 2.4Me; d at 90d, 4.8Me; e at 147d, 4.8Me (only in Pepe). Also strong signal at 10d in act ind, forest of peaks in CRX"
HD21209A;1;Unknown system ;3;23;17.177;-49;59;30.913;19.299;8.59;6.585;6.054;5.914;K3.5 V;4590;70;-0.37;0.73;0.02;0.183;0.003;0.677;0.006;2.33;1.53;3.32;0.48;-999;-999;14.71;9.66;-999;-999;-999;-999;-999;-999;-999;-999;-999;-999;-999;-999;0.50;0.29;0.41;0.59;151.14;1.96;;No data on exoplanet archive. RVs show no peaks, reasonable RMS. Some peaks in Halpha, NaD1
HD21175;3;Multiple system;3;23;35.255;40;4;34.965;17.681;6.903;5.333;4.948;4.767;K0 V;5160;70;-999;0.87;0.03;0.548;0.005;0.925;0.008;1.8;1.34;-999;-999;-999;-999;26.02;19.37;-999;-999;-999;-999;-999;-999;-999;-999;800;1;0.09;-999;0.26;0.15;0.70;1.01;309.58;1.44;too far north;No data on exoplanet archive. Multiple RV peaks at ~100-200d, also Halpha
HD21197;0;Unknown system ;3;24;59.731;-5;21;49.518;15.323;7.86;5.827;5.306;5.124;K4 V;4572;70;0.45;0.71;0.02;0.22;0.002;0.748;0.004;-999;-999;4.48;0.02;-999;-999;-999;-999;-999;-999;-999;-999;-999;-999;-999;-999;-999;-999;-999;-999;0.35;0.20;0.45;0.64;174.4;1.39;-999;
HD21749;2;Multiple system;3;26;59.223;-63;29;56.763;16.333;8.143;6.081;5.52;5.375;K4.5 V;4620;70;-0.02;0.74;0.02;0.208;0.002;0.712;0.006;2.35;1.53;3.75;0.28;-999;-999;15.34;9.99;-999;-999;-999;-999;-999;-999;-999;-999;60;9E-06;12;-999;0.41;0.24;0.43;0.63;163.82;1.68;-999;"2 transiting planets, c at 7.8d, 0.8Re; d at 35d, 30/22Me (Trifonov/Dragomir). Strong RV signal at ~35d, peaks in act ind at 300-400d"
HD22049;0;Single system  ;3;32;55.844;-9;27;29.739;3.220;3.72;2.228;1.88;1.776;K2 V;5090;70;-0.05;0.82;0.05;0.337;0.002;0.747;0.003;1.51;1.23;4.47;0.03;800;400;25.05;20.41;11.3;-999;26.7;-999;33;2;13.64;11.15;51;5E-05;17;8E-05;0.06;0.03;0.55;0.80;223.68;0.25;-999;One known planet, eps Eri b at 2671 d, 0.66Mj. 541 obs over 26 nights. unbinned is chaos, binned shows no signal, but RMS is high at 5.22m/s (unbinned, 7.9m/s binned)
HD22496;0;Unknown system ;3;35;0.940;-48;25;8.909;13.602;8.57;6.122;5.493;5.338;K7 V;4210;70;0.38;0.66;0.02;0.124;0.0006;0.662;0.003;-999;-999;4.46;0.04;-999;-999;-999;-999;-999;-999;-999;-999;-999;-999;-999;-999;-999;-999;-999;-999;0.48;0.28;0.34;0.48;118.03;1.63;-999;One known planet, HD 22496 b at 5d, 5.6Me (Lillo-Box 21, signal not strong in HARPS, found with ESPRESSO)
HD23249;0;Unknown system ;3;43;14.901;-9;45;48.211;9.089;3.54;2.06;1.729;1.619;K0 IV;5039;70;0.15;1.04;0.24;3.23;0.02;2.36;0.01;-999;-999;3.61;0.07;-999;-999;-999;-999;-999;-999;-999;-999;-999;-999;-999;-999;-999;-999;-999;-999;0.05;0.03;1.71;2.47;1082.1;0.49;HWO target candidate;
HD23356;0;Single system  ;3;43;55.343;-19;6;39.233;13.937;7.1;5.457;5.025;4.837;K2 V;4970;70;-0.11;0.79;0.02;0.299;0.002;0.736;0.005;0.48;0.7;4.15;0.3;1500;1000;77.65;113.24;-999;-999;-999;-999;-999;-999;-999;-999;61;1.6e-05;11.2;-999;0.25;0.15;0.52;0.75;207.93;1.19;-999;33 obs on 14 nights over 6 years. No signal in night-medianned, forest of peaks at 50-100d in unbinned. low RMS 3.5 m/s
HD23484;0;Single system  ;3;44;9.173;-38;16;54.372;16.170;6.996;5.462;5.088;4.934;K2 V;5201;70;0.1;0.89;0.03;0.41;0.002;0.788;0.004;1.5;1.5;4.74;0.38;3500;2500;26.6;26.6;9.2;-999;20.3;-999;60.6;12.8;23.18;23.91;53;9.4e-05;18;-999;0.28;0.16;0.61;0.88;248.95;1.45;-999;
HD23754;2;Unknown system ;3;46;50.887;-23;14;59.002;17.785;4.2;3.61;3.393;3.353;F5 V;6600;20;0.08;1.4;0.07;5.12;0.04;1.73;0.01;-999;-999;3.93;0.06;-999;-999;-999;-999;-999;-999;-999;-999;-999;-999;-999;-999;-999;-999;-999;-999;1.76;1.02;2.15;3.1;1312.8;21.82;mdl(hz) > 10mE;
BD-07699;0;Unknown system ;3;54;35.466;6;49;33.654;15.671;9.015;6.453;5.806;5.629;K5 V;4134;70;-999;0.65;0.02;0.1178;0.0005;0.669;0.003;-999;-999;4.45;0.04;-999;-999;-999;-999;-999;-999;-999;-999;-999;-999;-999;-999;27;3.4e-05;40;-999;0.57;0.33;0.33;0.47;114.61;1.88;-999;
HD25004;0;Unknown system ;3;56;36.380;-41;20;36.850;17.564;8.847;6.599;5.975;5.837;K6 V;4374;70;-999;0.69;0.02;0.1373;0.0008;0.645;0.004;-999;-999;4.4;0.08;-999;-999;-999;-999;-999;-999;-999;-999;-999;-999;-999;-999;-999;-999;-999;-999;0.57;0.33;0.35;0.51;123.98;2.01;;8 obs over 14 years. No trends, RMS 4.3m/s
HD24916;2;Single system  ;3;57;28.699;-1;9;34.070;15.284;8.07;6.063;5.486;5.341;K4 V;4560;70;-999;0.73;0.02;0.184;0.002;0.689;0.006;1.4;1.18;3.77;0.33;-999;-999;24.92;21.01;-999;-999;-999;-999;-999;-999;-999;-999;-999;-999;-999;-999;0.38;0.22;0.41;0.59;151.14;1.48;Eruptive Variable! Check activity;No data on exoplanet archive. No signal, but very high RMS 73.34 m/s
HD25457;3;Single system  ;4;2;36.744;0;16;8.120;18.707;5.38;4.712;4.342;4.181;F7 V;6310;70;0.03;1.23;0.01;2.04;0.01;1.2;0.01;18.5;1.1;-999;-999;149;45;3.28;0.2;-999;-999;-999;-999;-999;-999;-999;-999;58;9.4e-05;33;4.4e-05;1.68;0.97;1.36;1.97;707.53;15.49;PMS star 150Myr;
HD26965;2;Unknown system ;4;15;16.320;-7;39;0.330;5.010;4.43;3.013;2.594;2.498;K1 V;5240;70;-0.27;0.87;0.03;-999;-999;-999;-999;0.37;0.61;3.91;0.12;-999;-999;-999;-999;-999;-999;-999;-999;-999;-999;-999;-999;-999;-999;-999;-999;0.09;0.05;-999;-999;-999;-999;Eruptive Variable! Check activity;"Triple star system (40Eri) and one known planet, b at 42d, 8Me (Ma et al 2018, Dharma Planet Survey). 616 obs on 101 nights. Very strong signal at ~40d in RV! Matches the planet. Also activity signals all over the place in unbinned, vanish in binned (the 40d doesn't, though). RMS is low, 1.81 m/s. Activity may be a problem. From Ma et al: ""HD 26965 is the primary of a very widely separated triple system. The  other two companions are an M4 dwarf and a white dwarf. The on-sky separation between the primary and the other two stars is about 82 arcsec. The estimated orbital period of this system is ∼8000 yr (Heintz 1974). This star has a star-spot activity cycle period of 10.1 yr (Baliunas et al. 1995)."""
HD27274;0;Unknown system ;4;15;56.902;-53;18;35.307;13.044;7.64;5.624;5.098;4.923;K4.5 V;4593;70;0.16;0.73;0.02;0.195;0.002;0.698;0.004;-999;-999;4.48;0.02;-999;-999;-999;-999;-999;-999;-999;-999;-999;-999;-999;-999;-999;-999;-999;-999;0.32;0.19;0.42;0.61;157.99;1.3;-999;
HD28343;2;Unknown system ;4;29;0.124;21;55;21.717;11.229;8.3;5.674;5.05;4.875;M0.5 V;3903;70;0.0;0.62;0.03;0.1112;0.0009;0.729;0.005;-999;-999;2.89;0.06;-999;-999;-999;-999;-999;-999;-999;-999;-999;-999;-999;-999;-999;-999;-999;-999;0.35;0.20;0.32;0.46;112.97;1.1;Eruptive Variable! Check activity;
HD30495;3;Single system  ;4;47;36.292;-16;56;4.040;13.240;5.49;4.466;4.116;3.999;G2.5 V;5897;110;0.03;1.06;0.01;0.964;0.005;0.955;0.006;3.21;1.79;-999;-999;45;5;15.07;8.4;10.5;-999;73.0;-999;38.8;14.6;9.44;6.49;59;3.2e-05;21;0;0.19;0.11;0.95;1.37;443.21;1.36;PMS star <100Myr;Forest of peaks in 10-100d range in all periodograms (G pdf), less when night-binned but still some (GK pdf)
HD30652;3;Multiple system;4;49;50.411;6;57;40.601;8.024;3.19;1.984;1.757;1.6;F6 V;6420;70;0.02;1.28;0.05;2.81;0.02;1.354;0.006;-999;-999;-999;-999;45;-999;-999;-999;-999;-999;-999;-999;-999;-999;-999;-999;-999;-999;-999;-999;0.80;0.46;3.31;4.77;2614.7;11.67;PMS star <100Myr;
HD30876;0;Unknown system ;4;49;52.332;-35;6;27.469;17.687;7.495;5.896;5.443;5.334;K2 V;4980;70;-0.06;0.81;0.02;0.322;0.002;0.762;0.006;1.7;1.3;4.46;0.04;-999;-999;22.7;17.36;-999;-999;-999;-999;-999;-999;-999;-999;-999;-999;-999;-999;0.31;0.18;0.54;0.78;217.6;1.47;-999;Two observing seasons, 2016 and 2017, scatter looks much higher (20m/s peak to peak) in the second
HD31560;0;Unknown system ;4;55;41.911;-28;33;50.083;18.208;8.122;6.19;5.686;5.545;K3.5 V;4690;70;0.06;0.75;0.02;0.229;0.002;0.725;0.006;1.21;1.1;3.94;0.11;-999;-999;30.34;27.58;-999;-999;-999;-999;-999;-999;-999;-999;-999;-999;-999;-999;0.41;0.23;0.46;0.66;176.74;1.66;-999;
HD32147;0;Unknown system ;5;0;48.999;-5;45;13.224;8.844;6.22;4.389;3.797;3.706;K3 V;4600;180;0.28;0.77;0.03;0.295;0.002;0.793;0.005;7.38;0.41;4.46;0.04;-999;-999;5.44;0.3;-999;-999;-999;-999;-999;-999;-999;-999;-999;-999;-999;-999;0.17;0.10;0.48;0.69;186.24;0.75;-999;Unbinned shows lots of peaks in the 20-100 day range, nightly-binned no peaks in RV. Strong peaks in all act ind at 300-400d, and also at 20-100d in unbinned
HD33262;0;Multiple system;5;5;30.656;-57;28;21.737;11.693;4.71;3.701;3.407;3.371;F9 V;6260;70;-0.08;1.14;0.06;1.463;0.01;1.029;0.009;-999;-999;4.34;0.1;2951;1800;-999;-999;-999;-999;-999;-999;-999;-999;-999;-999;150;2.1e-05;4;-999;1.06;0.61;1.15;1.66;569.69;8.61;;
HD34673;0;Multiple system;5;19;12.661;-3;4;25.739;15.713;7.86;5.733;5.225;5.046;K3 V;4550;70;-0.36;0.75;0.02;0.253;0.009;0.81;0.02;-999;-999;2.59;0.53;-999;-999;-999;-999;-999;-999;-999;-999;-999;-999;-999;-999;-999;-999;-999;-999;0.36;0.21;0.48;0.69;188.7;1.55;-999;
HD35171;0;Multiple system;5;23;38.379;17;19;26.821;14.542;7.93;5.876;5.375;5.227;K4 V;4471;70;-0.01;0.72;0.02;0.183;0.001;0.713;0.004;-999;-999;4.47;0.03;-999;-999;-999;-999;-999;-999;-999;-999;-999;-999;-999;-999;-999;-999;-999;-999;0.37;0.21;0.41;0.59;152.18;1.41;-999;
HD35296;2;Multiple system;5;24;25.463;17;23;0.726;14.579;5.0;4.431;4.029;4.038;F8 V;6200;70;-0.02;1.18;0.05;1.78;0.01;1.16;0.01;-999;-999;4.24;0.08;-999;-999;-999;-999;-999;-999;-999;-999;-999;-999;-999;-999;-999;-999;-999;-999;0.97;0.56;1.27;1.83;648.84;8.45;BY Dra variable;
HD35650;3;Unknown system ;5;24;30.170;-38;58;10.747;17.4609660105;9.08;6.702;6.105;5.921;K2;4224;70;0;0.67;0.02;0.1259;0.0007;0.662;0.004;4.0;2.0;-999;-999;50;-999;8.38;4.19;9.8;-999;90;-999;89;4;8.38;4.23;46;0.00011;13;-999;0.60;0.35;0.34;0.49;119.29;2.06;PMS star <100Myr;No signals, but high RMS
HD35854;0;Unknown system ;5;26;14.738;-32;30;17.138;17.862;7.711;6.014;5.492;5.386;K2.5 V;4848;90;-0.08;0.79;0.02;0.284;0.002;0.755;0.005;1.87;1.37;4.47;0.03;-999;-999;20.45;14.98;-999;-999;-999;-999;-999;-999;-999;-999;-999;-999;-999;-999;0.34;0.20;0.51;0.73;200.61;1.56;-999;No signal in RVs, low RMS 1.23 m/s. Some signal around 40d in act ind
HD36435;0;Unknown system ;5;27;39.352;-60;24;57.586;19.479;6.983;5.704;5.342;5.2;G5 V;5590;70;-0.04;0.94;0.05;0.539;0.004;0.783;0.005;3.7;1.9;4.45;0.04;-999;-999;10.72;5.5;-999;-999;64;-999;-999;-999;-999;-999;700;0.0004;0.1;-999;0.33;0.19;0.70;1.01;297.83;1.9;-999;
HD36003;0;Unknown system ;5;28;26.096;-3;29;8.398;12.928;7.65;5.615;5.111;4.88;K5 V;4438;70;-0.09;0.72;0.02;0.198;0.002;0.754;0.005;5.0;2.24;4.45;0.04;-999;-999;7.64;3.42;-999;-999;-999;-999;-999;-999;-999;-999;-999;-999;-999;-999;0.33;0.19;0.42;0.61;159.08;1.29;-999;Peaks in RV, act ind at ~400d, 1000d
HD36705;3;Multiple system;5;28;44.871;-65;26;55.199;14.852;6.88;5.316;4.845;4.686;K1 III;5430;70;-0.36;0.84;0.04;0.495;0.005;0.795;0.004;40.555;2.253;-999;-999;87.5;12.5;0.99;0.06;-999;-999;-999;-999;-999;-999;-999;-999;940;0.0029;62;-999;0.31;0.18;0.67;0.96;293.21;1.66;"PMS star <100Myr, clos vis. comp. at 0.2""";
HD274255;2;Unknown system ;5;30;14.004;-42;41;50.380;19.158;9.706;7.149;6.47;6.269;M0 V;4100;70;-999;0.63;0.02;0.0964;0.0007;0.616;0.008;2.0;1.5;4.4;0.08;-999;-999;15.6;11.7;-999;-999;53;-999;-999;-999;-999;-999;49;0.00019;10;-999;0.77;0.45;0.30;0.43;101.47;2.41;has 2 transiting sub-neptunes from TESS, TOI-2540;Only 6 obs, over 11 years. RMS = 5.73 m/s, but looks like linear trend. Removing the linear, RMS 1.5. M dwarf according to Simbad!
HD39091;0;Unknown system ;5;37;9.886;-80;28;8.835;18.287;5.65;4.869;4.424;4.241;G0 V;5970;70;0.09;0.96;0.1;1.532;0.009;1.155;0.009;-999;-999;4.05;0.1;6040;-999;-999;-999;-999;-999;-999;-999;-999;-999;-999;-999;45.7356;1.56307e-06;214.0572252612;-999;0.21;0.12;1.18;1.69;640.8;1.57;HWO target candidate;
HD38392;2;Multiple system;5;44;26.537;-22;25;18.615;8.892;6.15;4.845;4.158;4.13;K3;5730;70;0.04;0.99;0.02;0.844;0.007;0.932;0.007;-999;-999;4.47;0.03;-999;-999;-999;-999;-999;-999;-999;-999;-999;-999;-999;-999;-999;-999;-999;-999;0.24;0.14;0.87;1.26;403.45;1.6;BY Dra variable;
HD38393;1;Multiple system;5;44;27.791;-22;26;54.188;8.905;3.59;2.804;2.606;2.508;F6 V;6370;70;-0.05;1.23;0.05;2.39;0.02;1.269;0.01;-999;-999;4.16;0.09;-999;-999;-999;-999;-999;-999;-999;-999;-999;-999;-999;-999;-999;-999;-999;-999;0.86;0.50;1.47;2.12;791.99;8.29;;
HD38858;2;Single system  ;5;48;34.940;-4;5;40.722;15.210;5.97;4.83;4.595;4.405;G2 V;5830;70;-0.44;1.0;0.03;0.84;0.005;0.9;0.006;1.38;1.17;4.38;0.1;3200;-999;33.03;28;-999;-999;-999;-999;-999;-999;-999;-999;51.7;7.6e-05;26.1;0;0.23;0.13;0.87;1.26;401.42;1.5;-999;Strong signal at ~350d in RVs and all activity indicators!
HD40307;0;Unknown system ;5;54;4.241;-60;1;24.493;12.932;7.17;5.412;4.968;4.793;K2.5 V;4940;70;-0.3;0.78;0.02;0.254;0.002;0.687;0.002;5.0;2.24;4.0;0.2;7000;4200;6.96;3.12;-999;-999;-999;-999;-999;-999;-999;-999;70;8E-06;9;-999;0.26;0.15;0.48;0.69;185.04;1.13;-999;"This is HD40307, 4/5-planet system! b 4d, 4Me; c 9.62, 6.6Me; d 20d, 9Me; f 51d, 5Me; g (controversial) 197d, 7Me"
HD41593;0;Multiple system;6;6;40.478;15;32;31.579;15.771;6.539;5.317;4.942;4.822;K0 V;5320;70;0.19;0.88;0.02;0.47;0.006;0.808;0.007;2.4;1.55;3.92;0.16;-999;-999;17.05;11.01;-999;-999;44;-999;-999;-999;-999;-999;-999;-999;-999;-999;0.24;0.14;0.65;0.94;275.99;1.31;-999;10 points (2/night). No signals, but high RMS 16.25m/s
HD43834;0;Multiple system;6;10;14.473;-74;45;10.958;10.213;5.08;3.951;3.508;3.446;G7 V;5630;70;0.1;0.97;0.02;0.8342;0.004;0.977;0.006;-999;-999;4.24;0.1;7244;3226;-999;-999;-999;-999;-999;-999;-999;-999;-999;-999;-999;-999;-999;-999;0.14;0.08;0.88;1.27;413.34;0.91;-999;
HD42807;3;Unknown system ;6;13;12.503;10;37;37.712;18.599;6.43;5.253;5.01;4.849;G5 V;5790;70;-0.1;0.99;0.03;0.82;0.006;0.899;0.007;2.2;1.35;-999;-999;-999;-999;20.69;12.7;-999;-999;-999;-999;-999;-999;-999;-999;-999;-999;-999;-999;0.28;0.16;0.86;1.24;394.95;1.82;RS CVn Variable;Linear trend? Or seasonal offset? only three RV points in second half, two scattered RV points in between. The activity indices are also offset, which is suspicious. Looking only at season 1 (plot saved), looks like a very nice half of a Keplerian! Wonder why it wasn't continued properly? -> Could be worth fitting out the RV signal, seeing what it looks like -> Fits to 8d, 0.25Mj - HJ? remaining RMS still a bit high
HD43162;0;Multiple system;6;13;45.295;-23;51;42.972;16.699;6.366;5.129;4.863;4.726;G6.5 V;5460;70;0.01;0.93;0.02;0.708;0.004;0.882;0.005;-999;0.5;4.15;0.08;-999;-999;-999;-999;-999;-999;-999;-999;-999;-999;-999;-999;-999;-999;-999;-999;0.24;0.14;0.75;1.08;331.49;1.44;-999;
HD43042;2;Multiple system;6;14;50.876;19;9;23.212;21.776;5.2;4.008;3.83;4.129;F5.5 V;6530;70;0.05;1.31;0.05;2.94;0.04;1.34;0.01;-999;-999;4.07;0.06;-999;-999;-999;-999;-999;-999;-999;-999;-999;-999;-999;-999;-999;-999;-999;-999;2.49;1.44;1.63;2.35;895.82;25.94;mdl(hz) > 10mE;
HD43386;2;Multiple system;6;16;26.619;12;16;19.788;19.588;4.916;4.47;4.2;4.25;F5 V;6570;30;-0.03;1.3;0.05;2.96;0.03;1.33;0.01;-999;-999;4.16;0.05;-999;-999;-999;-999;-999;-999;-999;-999;-999;-999;-999;-999;-999;-999;-999;-999;2.34;1.35;1.64;2.36;906.05;24.29;mdl(hz) > 10mE;
HD45088;2;Multiple system;6;26;10.255;18;45;24.761;14.617;6.48498;5.209;4.545;4.271;K2 V;4610;70;-0.43;0.81;0.07;0.49;0.004;1.099;0.008;-999;-999;4.34;0.13;-999;-999;-999;-999;-999;-999;-999;-999;-999;-999;-999;-999;-999;-999;-999;-999;0.22;0.11;0.67;0.96;298.59;1.0;BY Dra variable;No data on exoplanet archive. 8 obs on 4 nights, huge RV variations!
HD49095;2;Multiple system;6;45;22.940;-31;47;37.133;23.933;5.916;4.986;4.806;4.664;F6.5 V;6250;70;-0.16;1.2;0.05;2.05;0.02;1.221;0.01;-999;-999;3.9;0.13;-999;-999;-999;-999;-999;-999;-999;-999;-999;-999;-999;-999;-999;-999;-999;-999;1.78;1.03;1.36;1.96;713.1;16.22;"Sep. to WDS comp. 1.3"", but B is a very close binary (0.1""), PMaG3 190!";
HD50281;0;Multiple system;6;52;18.051;-5;10;25.366;8.745;6.58;5.013;4.294;4.107;K3.5 V;4590;70;0.05;0.74;0.02;0.214;0.002;0.732;0.006;-999;-999;4.45;0.04;-999;-999;-999;-999;-999;-999;-999;-999;-999;-999;-999;-999;-999;-999;-999;-999;0.20;0.12;0.44;0.63;166.15;0.84;-999;
HD53143;0;Multiple system;6;59;59.655;-61;20;10.253;18.340;6.81;5.459;5.097;4.987;G9 V;5410;70;0.23;0.99;0.02;0.586;0.004;0.871;0.007;3.6;2.0;4.41;0.08;1000;500;12.25;6.81;9.5;-999;64;-999;63.7;3.1;10.98;6.14;73;0.000275;11;0;0.28;0.16;0.73;1.05;308.21;1.68;-999;25 points on 12 nights, no signals in periodograms but high RMS 19.38m/s
HD52698;0;Unknown system ;7;1;13.731;-25;56;55.492;14.749;6.71;5.152;4.845;4.636;K1 V;5150;70;0.14;0.84;0.02;0.449;0.005;0.841;0.007;-999;-999;3.75;0.48;-999;-999;-999;-999;-999;-999;-999;-999;-999;-999;-999;-999;-999;-999;-999;-999;0.23;0.13;0.64;0.92;274.52;1.17;-999;
HD52919;0;Unknown system ;7;2;42.917;-6;47;57.214;19.114;8.351;6.446;5.867;5.755;K4 V;4650;90;-0.17;0.74;0.02;0.204;0.002;0.696;0.005;2.85;1.7;3.98;0.5;-999;-999;12.37;7.38;-999;-999;-999;-999;-999;-999;-999;-999;-999;-999;-999;-999;0.45;0.26;0.43;0.62;161.51;1.81;-999;Only 7 obs over 3 years, but very low RMS = 0.67 m/s
HD53705;0;Multiple system;7;3;57.315;-43;36;28.926;17.060;5.28;4.405;3.99;4.037;G0 V;5940;70;-0.15;1.07;0.05;1.52;0.03;1.17;0.02;-999;-999;4.34;0.1;-999;-999;-999;-999;-999;-999;-999;-999;-999;-999;-999;-999;-999;-999;-999;-999;0.17;0.10;1.18;1.70;610.14;1.39;HWO target candidate;
HD56533;0;Unknown system ;7;13;7.089;-63;20;41.813;19.587;9.079;6.748;6.15;5.99;K6 V;4265;70;0.0;0.68;0.02;0.1495;0.0007;0.708;0.003;-999;-999;4.48;0.02;-999;-999;-999;-999;-999;-999;-999;-999;-999;-999;-999;-999;-999;-999;-999;-999;0.62;0.36;0.37;0.53;133.7;2.22;;Very flat periodograms, but only 18 observations
HD61606;2;Multiple system;7;39;59.329;-3;35;1.028;14.078;7.18;5.493;5.063;4.885;K3 V;4960;70;-0.05;0.8;0.02;0.284;0.002;0.723;0.005;7.15;0.397;4.69;0.08;-999;-999;5.12;0.29;-999;-999;-999;-999;-999;-999;-999;-999;-999;-999;-999;-999;0.26;0.15;0.51;0.73;199.35;1.18;BY Dra variable;
HD61606B;0;Multiple system;7;40;2.901;-3;36;13.231;14.086;8.93;6.377;5.7;5.568;K7 V;4210;70;-999;0.65;0.04;0.1025;0.0005;0.603;0.005;-999;-999;4.33;0.14;-999;-999;-999;-999;-999;-999;-999;-999;-999;-999;-999;-999;-999;-999;-999;-999;0.57;0.33;0.31;0.44;104.03;1.82;-999;
HD64379A;2;Multiple system;7;52;15.663;-34;42;19.584;18.327;5.12;4.166;-999;3.841;F5 V;6340;70;-0.08;1.24;0.05;2.54;0.05;1.32;0.02;-999;-999;3.74;0.6;-999;-999;-999;-999;-999;-999;-999;-999;-999;-999;-999;-999;-999;-999;-999;-999;1.61;0.93;1.52;2.18;825.32;15.72;mdl(hz) > 10mE;
GJ1106;0;Unknown system ;7;57;48.519;-33;57;7.240;19.418;8.824;6.626;6.045;5.909;K4.5 V;4390;70;-999;0.69;0.02;0.164;0.004;0.7;0.01;-999;-999;3.82;1.0;-999;-999;-999;-999;-999;-999;-999;-999;-999;-999;-999;-999;-999;-999;-999;-999;0.56;0.32;0.39;0.56;143.94;2.04;;
HD65277;0;Multiple system;7;57;57.784;0;48;51.877;17.655;8.077;6.194;5.63;5.511;K4 V;4319;70;-0.26;0.71;0.02;0.199;0.001;0.796;0.005;1.81;1.35;2.03;0.03;-999;-999;22.27;16.61;-999;-999;-999;-999;-999;-999;-999;-999;-999;-999;-999;-999;0.39;0.23;0.42;0.61;160.2;1.55;-999;No data on exoplanet archive. Clear linear trend (esp. using ES, which splits the pre and post upgrade datasets - there is an offset). Removing the trend, strong peaks at ~400d, and also in act ind
HD68146;2;Multiple system;8;10;39.826;-13;47;57.142;22.553;5.54;4.143;4.403;4.348;F6.5 V;6360;70;-0.07;1.25;0.05;2.58;0.02;1.322;0.008;-999;-999;4.12;0.07;-999;-999;-999;-999;-999;-999;-999;-999;-999;-999;-999;-999;170;3E-06;4;-999;2.06;1.19;1.53;2.20;832.03;20.28;mdl(hz) > 10mE;
HD68834;0;Unknown system ;8;14;35.914;13;1;22.175;19.240;8.797;6.62;6.04;5.891;K5 V;4450;70;-999;0.7;0.02;0.1614;0.0008;0.677;0.007;-999;-999;4.43;0.06;-999;-999;-999;-999;-999;-999;-999;-999;-999;-999;-999;-999;-999;-999;-999;-999;0.55;0.32;0.38;0.55;138.42;2.04;;
HD69830;3;Single system  ;8;18;23.947;-12;37;55.817;12.579;5.95;4.953;4.364;4.165;G8 V;5420;70;-0.02;0.9;0.04;0.601;0.002;0.879;0.004;0.72;0.85;-999;-999;6000;2000;61.82;72.99;-999;-999;-999;-999;-999;-999;-999;-999;470;0.00028;0.27;-999;0.19;0.11;0.74;1.06;328.72;1.1;Hot and warm Jupiters;"3 planets (Lovis 2006, Rosenthal 2021): b at 8.6d, 10Me; c at 31d, 11Me; d at 197d, 18Me. Strong activity signals at 200d - how robust is d?"
HD72673;2;Unknown system ;8;32;51.496;-31;30;3.065;12.1643;6.38;5.333;4.763;4.438;K1 V;5410;70;-0.4;0.87;0.03;0.394;0.002;0.713;0.004;0.5;0.71;4.46;0.04;-999;-999;72.21;102.54;-999;-999;-999;-999;-999;-999;-999;-999;-999;-999;-999;-999;0.23;0.13;0.60;0.86;244.23;1.16;-999;Lots of peaks everywhere. 510 obs over 158 nights. Strong signal at ~300d in act ind
HD74576;2;Unknown system ;8;43;18.030;-38;52;56.571;11.192;6.58;4.937;4.441;4.358;K3 V;5031;70;-0.07;0.81;0.02;0.307;0.002;0.729;0.003;7.90;0.439;4.64;0.09;45;5;4.67;0.26;-999;-999;-999;-999;-999;-999;-999;-999;-999;-999;-999;-999;0.20;0.12;0.53;0.76;210.22;0.97;77% probability belonging to MG Argus (45Myr);
HD75732;3;Multiple system;8;52;35.811;28;19;50.954;12.587;5.96;4.768;4.265;4.015;K0 V;5260;70;0.3;0.88;0.03;-999;-999;-999;-999;2.17;1.47;-999;-999;-999;-999;-999;-999;-999;-999;-999;-999;-999;-999;-999;-999;-999;-999;-999;-999;0.18;0.10;-999;-999;-999;-999;Eclipsing Binary;This is 55 Cnc, 5-planet system!
HD76151;0;Single system  ;8;54;17.947;-5;26;4.054;16.847;6.0;4.871;4.625;4.456;G2 V;5830;70;0.12;1.07;0.01;0.973;0.006;0.968;0.007;1.06;1.03;4.34;0.1;2000;1000;46.24;44.94;-999;-999;-999;-999;-999;-999;-999;-999;101;1.43e-05;7;-999;0.23;0.13;0.94;1.35;432.61;1.61;-999;Only nine observations - could be a high-amplitude curve, could be seasonal offsets? The scatter on the act. ind. is low. Suitable: maybe? would be good to see if anyone else has observed it
HD76653;2;Unknown system ;8;55;11.782;-54;57;56.768;24.342;5.698;5.21;4.743;4.561;F6 V;6430;70;0.01;1.27;0.04;2.5;0.02;1.273;0.01;11.13;0.6;4.1;0.1;700;200;5.79;0.32;-999;-999;-999;-999;-999;-999;-999;-999;91;1.9e-05;15;-999;2.59;1.50;1.50;2.17;805.62;25.55;mdl(hz) > 10mE;
GJ333;3;Unknown system ;8;59;31.673;-47;26;9.207;20.891;11.229985;8.757;8.201;7.932;M2;3534;70;-999;0.41;0.02;0.01927;0.0001;0.37;0.002;-999;-999;-999;-999;-999;-999;-999;-999;-999;-999;-999;-999;-999;-999;-999;-999;-999;-999;-999;-999;0.66;0.38;0.13;0.19;36.51;1.09;labelled as PMS star in Simbad (no age, no MG), but also too faint;Unbinned shows lots of RV and activity peaks at 10-100d, binned no peaks
HD81997;3;Multiple system;9;29;8.931;-2;46;8.182;18.209;4.6;3.91;3.58;3.56;F5 V;6500;70;0.01;1.33;0.05;3.71;0.07;1.52;0.02;-999;-999;-999;-999;-999;-999;-999;-999;-999;-999;-999;-999;-999;-999;-999;-999;-999;-999;-999;-999;1.79;1.04;1.83;2.64;1058.2;20.01;Spectroscopic Binary;
HD82106;0;Unknown system ;9;29;54.825;5;39;18.473;12.789;7.2;5.429;5.002;4.788;K3 V;4950;70;-0.04;0.78;0.03;0.224;0.001;0.642;0.004;-999;-999;4.46;0.04;-999;-999;-999;-999;-999;-999;-999;-999;-999;-999;-999;-999;-999;-999;-999;-999;0.27;0.15;0.45;0.65;168.68;1.1;-999;
HD82342;0;Multiple system;9;30;28.088;-32;6;12.253;19.630;8.319;6.492;5.975;5.809;K3.5 V;4710;70;-999;0.75;0.02;0.223;0.003;0.708;0.007;2.29;1.51;2.61;0.38;-999;-999;15.66;10.32;-999;-999;-999;-999;-999;-999;-999;-999;-999;-999;-999;-999;0.45;0.26;0.45;0.65;172.02;1.86;-999;No data on exoplanet archive. Nothing in RVs, low RMS (1.78 m/s). Some hints around 80-100 d in Halpha, NaD2, but not highly significant
HD82558;3;Single system  ;9;32;25.568;-11;11;4.692;18.269;7.82;6.075;5.596;5.449;K1 V;4790;100;0.33;0.8;0.04;0.278;0.004;0.764;0.007;30.4;5.5;-999;-999;43;33;1.27;0.23;-999;-999;-999;-999;-999;-999;-999;-999;-999;-999;-999;-999;0.37;0.21;0.50;0.72;194.55;1.64;PMS star <100Myr;No signals in periodograms, but huge scatter! And fast rotator
HD84117;0;Unknown system ;9;42;14.416;-23;54;56.042;14.9516;4.94;4.08;3.73;3.722;F9 V;6220;70;-0.09;1.2;0.05;1.96;0.01;1.204;0.008;-999;-999;4.03;0.08;-999;-999;-999;-999;-999;-999;-999;-999;-999;-999;-999;-999;-999;-999;-999;-999;1.02;0.59;1.33;1.92;690.66;9.19;;
HD85512;0;Unknown system ;9;51;7.052;-43;30;10.023;11.277;7.67;5.451;4.998;4.717;K6 V;4443;70;-0.29;0.7;0.03;0.165;0.001;0.685;0.004;2.19;1.48;4.48;0.02;-999;-999;15.84;10.7;-999;-999;-999;-999;-999;-999;-999;-999;-999;-999;-999;-999;0.33;0.19;0.39;0.56;142.91;1.22;-999;One planet, b at 58d, 3Me. More long-period peaks, and also in act ind
HD89449;2;Multiple system;10;19;44.167;19;28;15.286;21.220;4.8;4.037;3.944;4.02;F6 V;6500;70;-0.1;1.36;0.05;4.48;0.05;1.67;0.01;-999;-999;3.97;0.06;3100;1500;-999;-999;-999;-999;-999;-999;-999;-999;-999;-999;-999;-999;-999;-999;1.97;1.14;2.02;2.90;1208.4;23.27;Delta Scuti pulsating variable, mdl(hz) > 10mE;
HD91324;2;Unknown system ;10;31;21.821;-53;42;55.741;22.062;4.89;3.912;3.588;3.582;F9 V;6250;70;-0.16;1.32;0.1;4.43;0.04;1.79;0.01;-999;-999;3.83;0.11;-999;-999;-999;-999;-999;-999;-999;-999;-999;-999;-999;-999;90;5.3e-06;21;-999;1.11;0.64;2.00;2.88;1211.6;12.82;Overluminous, indication of youth? mdl(hz) > 10mE;
HD94765;3;Unknown system ;10;56;30.799;7;23;18.507;17.300;7.37;5.739;5.348;5.199;K0 V;5070;100;0.14;0.82;0.02;0.352;0.003;0.768;0.005;3.3;1.82;-999;-999;200;-999;11.79;6.5;-999;-999;-999;-999;-999;-999;-999;-999;-999;-999;-999;-999;0.30;0.18;0.56;0.81;228.67;1.51;PMS star 200Myr;Only 6 obs. Maybe a linear trend? hard to say, but would still have high scatter, RMS 6.65 m/s
HD98712;3;Multiple system;11;21;26.667;-20;27;13.987;13.724;8.57;6.097;5.464;5.302;K7 V;4013;70;0.09;0.67;0.07;0.124;0.004;0.73;0.01;7.733;0.43;-999;-999;194;20;4.78;0.27;-999;-999;-999;-999;-999;-999;-999;-999;-999;-999;-999;-999;0.44;0.25;0.34;0.48;117.14;1.46;PMS star 200Myr;
HD99279;3;Multiple system;11;24;40.386;-61;38;51.320;12.117;7.54;5.147;4.15;4.548;K5 V;4600;400;-0.23;0.78;0.04;0.33;0.1;0.92;0.05;7.217;0.401;-999;-999;45;5;6.46;0.5;-999;-999;-999;-999;-999;-999;-999;-999;-999;-999;-999;-999;0.31;0.18;0.56;0.80;231.9;1.46;"PMS star <100Myr and close vis. comp. at 0.2""";
HD99492;2;Multiple system;11;26;46.278;3;0;22.757;18.161;7.58;5.852;5.403;5.256;K2 V;4950;70;0.34;0.81;0.02;0.353;0.003;0.807;0.008;4.3;2.1;4.46;0.04;-999;-999;9.5;4.64;-999;-999;-999;-999;-999;-999;-999;-999;-999;-999;-999;-999;0.31;0.18;0.56;0.81;230.08;1.5;-999;One planet, HD99492b at 17d, 22Me. Claimed outer planet killed, was activity (Kane et al 2016). No clear signal (including at the 17d - planet came from HIRES, 38 HARPS obs). Suitable: no, given inner Neptune and known long activity cycle. Also, looks like close binary?
HD100623;3;Multiple system;11;34;29.486;-32;49;52.823;9.559;5.96;4.784;4.138;4.022;K0 V;5450;70;-0.37;0.88;0.06;0.353;0.043;0.73;0.037;7.903;0.439;-999;-999;260;51;4.68;0.35;-999;-999;-999;-999;-999;-999;-999;-999;300;0.0001;-999;-999;0.20;0.11;0.62;0.89;255.42;1;PMS star <500Myr;
HD101581;0;Unknown system ;11;41;2.468;-44;24;18.687;12.783;7.77;5.792;5.273;5.101;K4.5 V;4623;70;-0.52;0.72;0.02;0.163;0.001;0.629;0.003;3.64;1.91;4.48;0.02;-999;-999;8.75;4.59;-999;-999;-999;-999;-999;-999;-999;-999;-999;-999;-999;-999;0.34;0.20;0.38;0.55;136.49;1.29;-999;Only 6 points over 3 years
HD102365;0;Multiple system;11;46;31.073;-40;30;1.286;9.319;4.88;3.931;3.49;3.489;G2 V;5840;70;-0.3;1.0;0.04;0.83;0.005;0.891;0.006;7.10;0.395;4.44;0.05;-999;-999;6.35;0.36;-999;-999;-999;-999;-999;-999;-999;-999;900;0.0005;0.09;-999;0.14;0.08;0.87;1.25;398.6;0.92;-999;
HD102438;3;Unknown system ;11;47;15.808;-30;17;11.440;17.742;6.48;5.217;4.935;4.798;G6 V;5670;70;-0.29;0.96;0.02;0.716;0.004;0.877;0.007;1.38;1.18;-999;-999;110;20;32.18;27.52;-999;-999;-999;-999;-999;-999;-999;-999;-999;-999;-999;-999;0.27;0.16;0.81;1.16;364.42;1.74;PMS star 110Myr;Nothing in RVs, and the scatter is fairly low (1.5 m/s). Some signals in activity indicators, though, particularly a strong one at ~400d
HD102870;1;Multiple system;11;50;41.719;1;45;53.002;11.002;3.59;2.597;2.363;2.269;F9 V;6130;70;0.13;1.1;0.05;3.6;0.02;1.68;0.01;-999;-999;3.84;0.18;2630;605;-999;-999;-999;-999;-999;-999;-999;-999;-999;-999;50;1E-06;50;-999;0.36;0.21;1.8;2.6;1136.4;3.65;;
HD103932;0;Unknown system ;11;57;56.206;-27;42;25.367;10.173;6.964;4.992;4.62;4.53;K4 V;4587;70;0.21;0.74;0.02;0.218;0.002;0.739;0.005;-999;-999;4.48;0.02;-999;-999;-999;-999;-999;-999;-999;-999;-999;-999;-999;-999;-999;-999;-999;-999;0.24;0.14;0.44;0.64;168.48;0.99;-999;
HD104304;3;Multiple system;12;0;44.460;-10;26;46.067;12.766;5.55;4.28;3.91;3.87;G8 IV;5460;70;0.28;0.95;0.03;0.887;0.006;1.05;0.01;-999;-999;-999;-999;-999;-999;-999;-999;-999	;-999;-999;-999;-999;-999;-999;-999;-999;-999;-999;-999;0.16;0.09;0.89;1.29;426.44;1.02;"Close vis. comp. at 1.0""";
HD105671;0;Multiple system;12;9;54.982;-46;12;30.211;19.781;8.438;6.441;5.913;5.763;K4 V;4493;70;0.06;0.72;0.02;0.221;0.001;0.776;0.003;-999;-999;2.02;0.02;-999;-999;-999;-999;-999;-999;-999;-999;-999;-999;-999;-999;-999;-999;-999;-999;0.47;0.27;0.45;0.64;173.18;1.89;-999;
GJ461;3;Multiple system;12;20;25.533;0;35;0.847;17.453;9.999;6.861;6.22;6.011;K7 V;3717;70;-0.3;0.56;0.05;0.0855;0.005;0.705;0.004;2.5;1.58;-999;-999;-999;-999;14.28;9.03;-999;-999;-999;-999;-999;-999;-999;-999;-999;-999;-999;-999;0.60;0.25;0.28;0.40;96.76;1.22;"close vis. comp. at 0.9"" and eruptive variable";
HD109200;0;Unknown system ;12;33;31.382;-68;45;20.913;16.188;7.13;5.626;5.231;5.067;K1 V;5110;70;-0.35;0.83;0.02;0.361;0.002;0.766;0.005;0.26;0.51;4.5;0.1;-999;-999;149.19;292.65;-999;-999;-999;-999;-999;-999;-999;-999;-999;-999;-999;-999;0.28;0.16;0.57;0.82;232.28;1.36;-999;RV peaks at 20d, 30d. Strong act ind peaks at 100-400d
GJ1162;3;Unknown system ;12;38;47.271;-4;19;17.063;18.684;13.539;9.329;8.76;8.455;M4.5;3150;70;-999;0.42;0.23;0.00925;8E-05;0.322;0.003;-999;-999;-999;-999;-999;-999;-999;-999;-999;-999;-999;-999;-999;-999;-999;-999;-999;-999;-999;-999;1.24;0.72;0.09;0.13;20.56;1.73;too faint;
HD110315;0;Multiple system;12;41;6.485;15;22;35.998;14.108;7.91;5.834;5.273;5.075;K4.5 V;4350;100;-0.12;0.71;0.02;0.189;0.002;0.719;0.006;7.21;0.401;3.8;0.5;-999;-999;5.05;0.28;-999;-999;-999;-999;-999;-999;-999;-999;-999;-999;-999;-999;0.37;0.21;0.39;0.56;141.9;1.36;-999;
HD110810;0;Multiple system;12;45;14.413;-57;21;28.807;19.781;7.843;6.135;5.697;5.608;K4 V;4980;70;0.07;0.8;0.02;0.312;0.004;0.751;0.007;2.7;1.6;3.83;0.3;-999;-999;14.09;8.35;-999;-999;64;-999;-999;-999;-999;-999;-999;-999;-999;-999;0.36;0.21;0.53;0.77;213.99;1.69;-999;
HD111261B;0;Multiple system;12;48;09.988;-24;48;16.630;18.730;9.33;7.319;6.675;6.491;K7 V;3880;70;-999;0.58;0.05;0.0769;0.0007;0.61;0.01;-999;-999;4.35;0.12;-999;-999;-999;-999;-999;-999;-999;-999;-999;-999;-999;-999;-999;-999;-999;-999;0.56;0.32;0.26;0.38;86.81;1.54;-999;No data on exoplanet archive. 12 data points, very high scatter of 200m/s - unless it's offsets? But even taking only the first set it's high
HD113538;0;Unknown system ;13;4;57.477;-52;26;34.526;16.308;9.057;6.438;5.835;5.637;K9 V;4076;70;0.0;0.65;0.02;0.1254;0.0007;0.71;0.004;2.4;1.6;4.47;0.03;-999;-999;14.98;9.99;-999;-999;90;-999;-999;-999;-999;-999;-999;-999;-999;-999;0.57;0.33;0.34;0.49;121.11;1.91;-999;"2 known planets, HD 113538 b at 663d, 0.36Mj; c at 1818d, 0.93Mj. Some peaks at 200-300d in act ind "
GJ499A;3;Multiple system;13;6;15.397;20;43;45.299;19.682;9.72;6.89;6.27;6.05;-999;3960;70;-999;0.62;0.03;0.123;0.001;0.75;0.01;-999;-999;-999;-999;-999;-999;-999;-999;-999;-999;-999;-999;-999;-999;-999;-999;-999;-999;-999;-999;0.71;0.41;0.34;0.48;121.77;2.31;Close vis. comp.;
HD114613;0;Unknown system ;13;12;3.184;-37;48;10.880;20.463;4.85;3.692;3.346;3.303;G3 V;5660;70;0.19;1.18;0.2;4.17;0.04;2.12;0.02;-999;-999;3.89;0.12;-999;-999;-999;-999;-999;-999;-999;-999;-999;-999;-999;-999;-999;-999;-999;-999;0.13;0.07;1.94;2.79;1222.9;1.3;HWO target candidate;
HD114837;2;Multiple system;13;14;15.145;-59;6;11.654;18.240;4.93;3.936;3.565;3.611;F6 V;6270;70;-0.21;1.26;0.05;2.99;0.03;1.46;0.01;-999;-999;3.95;0.2;-999;-999;-999;-999;-999;-999;-999;-999;-999;-999;-999;-999;-999;-999;-999;-999;1.21;0.70;1.64;2.36;920.32;12.4;mdl(hz) > 10mE;
HD115404;3;Multiple system;13;16;51.051;17;1;1.841;10.987;6.66;4.901;4.584;4.381;K2 V;4950;70;-0.1;0.8;0.02;0.31;0.002;0.757;0.007;7.01;0.389;-999;-999;1380;0;5.47;0.31;-999;-999;-999;-999;-999;-999;-999;-999;-999;-999;-999;-999;0.21;0.12;0.53;0.76;211.53;0.96;Hot Jupiter;
HD115617;0;Single system  ;13;18;24.314;-18;18;40.230;8.534=;4.74;3.334;2.974;2.956;G6.5 V;5570;70;0.0;0.92;0.04;0.831;0.006;0.98;0.008;3.9;1.97;4.19;0.12;4000;1500;12.72;6.43;-999;-999;-999;-999;82;4;12.6;6.43;59;2.3e-05;21;0;0.12;0.07;0.87;1.25;415.57;0.77;-999;"3 planets (Vogt 2010, Rosenthal 2021): b at 4d, 5.1Me; c at 38d, 18Me; d at 123d, 22Me (only in Vogt10). Activity: doesn't look terrible, CRX is a bit noisy"
HD117936;0;Unknown system ;13;33;32.400;8;35;12.346;18.141;7.959;6.121;5.613;5.493;K3 V;4760;70;0.2;0.76;0.02;0.247;0.002;0.731;0.005;-999;-999;4.02;0.1;-999;-999;-999;-999;-999;-999;-999;-999;-999;-999;-999;-999;-999;-999;-999;-999;0.38;0.22;0.47;0.68;182.67;1.62;-999;
HD118972;3;Single system  ;13;41;4.171;-34;27;50.962;15.692;6.92;5.449;5.137;4.929;K0 V;5240;70;-0.03;0.85;0.03;0.405;0.003;0.771;0.005;5.54;0.4;-999;-999;400;100;7.05;0.51;-999;-999;-999;-999;-999;-999;-999;-999;96;4.3e-05;5.3;-999;0.27;0.16;0.60;0.87;249.63;1.41;PMS star <500Myr;
HD120136;3;Multiple system;13;47;15.738;17;27;24.810;15.614;4.5;3.617;3.546;3.507;F7 V;6480;70;0.24;1.3;0.05;3.14;0.02;1.404;0.009;-999;-999;-999;-999;470;0;-999;-999;-999;-999;-999;-999;-999;-999;-999;-999;-999;-999;-999;-999;1.64;0.95;1.68;2.43;943.68;17.33;PMS star <500Myr;
HD120036A;3;Multiple system;13;47;42.162;32;25;48.134;14.576;8.845;6.333;5.725;5.557;K6 V;4210;70;0.1;0.66;0.02;0.114;0.004;0.63;0.01;-999;-999;-999;-999;-999;-999;-999;-999;-999;-999;-999;-999;-999;-999;-999;-999;-999;-999;-999;-999;0.54;0.31;0.32;0.46;109.5;1.76;too far north;
HD120036B;3;Multiple system;13;47;42.846;-32;25;51.069;14.581;9.249;6.435;5.799;5.654;K7 V;4190;70;-999;0.65;0.02;0.1024;0.0006;0.608;0.005;-999;-999;-999;-999;-999;-999;-999;-999;-999;-999;-999;-999;-999;-999;-999;-999;-999;-999;-999;-999;0.65;0.38;-999;-999;-999;-999;too far north;
HD120467;0;Unknown system ;13;49;44.806;-22;6;39.931;14.070;8.16;5.919;5.323;5.16;K6 V;4254;70;0.14;0.69;0.02;0.158;0.001;0.732;0.004;-999;-999;4.47;0.03;-999;-999;-999;-999;-999;-999;-999;-999;-999;-999;-999;-999;-999;-999;-999;-999;0.40;0.23;0.38;0.55;139.42;1.45;-999;11 obs over 12 years, no signals, low RMS 3.15 m/s
HD120690;3;Multiple system;13;51;20.342;-24;23;25.843;18.560;6.2705;5.53;4.829;4.665;-999;5540;70;0.01;0.96;0.02;0.84;0.01;0.996;0.01;5.4;2.32;-999;-999;-999;-999;9.34;4.01;-999;-999;-999;-999;-999;-999;-999;-999;-999;-999;-999;-999;0.22;0.13;0.87;1.26;409.7;1.47;"Spectroscopic Binary and close vis. comp. at 0.1""";Looks like linear trend? Fitting out a linear leaves a curve. Lots of peaks in RV, CRX, Halpha at 10-100d, probably not a good target
HD120780;0;Multiple system;13;52;35.854;-50;55;18.149;16.440;7.37;5.782;5.318;5.19;K0 V;4860;70;-0.25;0.8;0.02;0.331;0.003;0.81;0.006;8.30;461;4.585;0.079;3060;810;4.94;274.48;-999;-999;-999;-999;-999;-999;-999;-999;-999;-999;-999;-999;0.29;0.17;0.55;0.79;223.95;1.39;-999;
HD121560;3;Unknown system ;13;55;49.994;14;3;23.408;24.510;6.034;5.137;4.923;4.843;F6 V;6140;70;-0.41;1.16;0.05;1.7;0.01;1.155;0.008;-999;-999;-999;-999;200;100;-999;-999;-999;-999;-999;-999;-999;-999;-999;-999;60;5E-06;25;-999;1.18;0.68;1.24;1.79;632.36;10.06;PMS star 200Myr;
HD125276;0;Multiple system;14;19;0.896;-25;48;55.530;17.989;5.87;4.96;4.717;4.512;F9 V;6140;70;-0.57;1.18;0.1;-999;-999;-999;-999;-999;-999;4.07;0.1;-999;-999;-999;-999;-999;-999;-999;-999;-999;-999;-999;-999;-999;-999;-999;-999;1.10;0.63;-999;-999;-999;-999;-999;
HD125072;2;Unknown system ;14;19;4.834;-59;22;44.537;11.820;6.66;4.976;4.671;4.332;K3 V;4940;70;-0.12;0.81;0.02;0.336;0.002;0.791;0.006;1.55;1.24;4.44;0.05;-999;-999;25.84;20.67;-999;-999;-999;-999;-999;-999;-999;-999;-999;-999;-999;-999;0.21;0.12;0.55;0.79;222.56;0.99;-999;Many peaks at ~20-200d in Rv & act ind
HD128311;2;Single system  ;14;36;0.560;9;44;47.454;16.319;7.48;5.772;5.303;5.142;K3 V;4947;70;0.07;0.81;0.02;0.292;0.002;0.736;0.004;3.69;1.9;4.46;0.04;500;250;10.1;5.2;-999;-999;-999;-999;-999;-999;-999;-999;40;2.3e-05;20;-999;0.30;0.17;0.561;0.74;212.91;1.38;BY Dra Variable, PMS star 500+/-250Myr;
HD128621;2;Multiple system;14;39;35.063;-60;50;15.099;1.347;1.33;-1.454;-1.886;-2.008;K1 V;5140;70;0.24;0.85;0.04;0.53;0.008;0.92;0.02;-999;-999;4.28;0.18;-999;-999;-999;-999;-999;-999;-999;-999;-999;-999;-999;-999;300;0;1;-999;0.02;0.01;0.69;1.0;307.72;0.09;HWO target candidate, very bright;
HD128620;2;Multiple system;14;39;36.494;-60;50;2.373;1.3475;-0.01;-1.454;-1.886;-2.008;G2 V;5820;70;0.2;1.02;0.05;-999;-999;-999;-999;-999;-999;4.04;0.12;-999;-999;-999;-999;-999;-999;-999;-999;-999;-999;-999;-999;70;2E-06;-999;-999;0.01;0.01;-999;-999;-999;-999;HWO target candidate, very bright;
HD130004;3;Unknown system ;14;45;24.183;13;50;46.734;18.811;7.87;6.197;5.668;5.608;K0 V;4950;70;-0.41;0.79;0.02;0.27;0.002;0.708;0.005;-999;-999;-999;-999;85;65;-999;-999;-999;-999;-999;-999;-999;-999;-999;-999;-999;-999;-999;-999;0.37;0.21;0.50;0.71;193.37;1.62;PMS star <100Myr;
HD130307;2;Unknown system ;14;47;16.101;2;42;11.611;19.318;7.76;6.151;5.688;5.615;K1 V;4960;70;-0.24;0.8;0.02;0.302;0.003;0.746;0.005;7.06;0.392;4.54;0.1;-999;-999;5.35;0.3;-999	;-999;-999;-999;-999;-999;-999;-999;-999;-999;-999;-999;0.35;0.20;0.52;0.76;209.08;53.16;BY Dra variable, mdl(hz) > 10mE;
GJ566B;3;Multiple system;14;51;23.044;19;6;6.888;6.7486;6.816;2.66;2.253;1.971;K5 V;5660;200;-0.1;0.91;0.1;0.59;0.02;0.0308;0.0004;-999;-999;-999;-999;-999;-999;-999;-999;-999;-999;-999;-999;-999;-999;-999;-999;22;1.1e-06;120;-999;0.32;0.18;-999;-999;-999;-999;very odd SED and Teff;
HD131156;3;Multiple system;14;51;23.280;19;6;2.280;6.733;4.54;2.66;2.253;1.971;G7 V;5220;70;-0.09;0.9;0.06;0.68;0.01;1.01;0.01;4.39;0.5;-999;-999;300;150;11.65;1.33;-999;-999;-999;-999;-999;-999;-999;-999;0;-999;-999;-999;0.09;0.05;0.79;1.13;362.13;0.52;PMS star <500Myr;
HD130992;0;Unknown system ;14;51;40.465;-24;18;14.876;16.768;7.805;5.99;5.493;5.385;K3.5 V;4770;70;-0.04;0.77;0.02;0.245;0.002;0.725;0.006;1.18;1.09;3.56;0.18;-999;-999;31.11;28.74;-999;-999;-999;-999;-999;-999;-999;-999;-999;-999;-999;-999;0.35;0.20;0.47;0.68;181.48;1.49;-999;Low RV scatter, no strong activity signals
HD131511;3;Multiple system;14;53;23.765;19;9;10.073;11.629;6.01;4.882;4.165;4.32;K0 V;5220;70;0.13;0.87;0.02;0.522;0.007;0.886;0.009;4.51;2.1;-999;-999;1000;500;9.95;4.63;-999;-999;-999;-999;-999;-999;-999;-999;170;3E-05;2;-999;0.18;0.10;0.69;0.99;301.46;0.95;RS CVn Variable (spectr. binary);
HD132683;0;Unknown system ;15;0;43.413;-11;8;6.469;17.836;9.472;6.829;6.148;5.988;K8 V;4070;70;-999;0.64;0.02;0.1067;0.0006;0.656;0.005;2.5;1.5;4.45;0.04;-999;-999;13.29;7.97;-999;-999;90;-999;-999;-999;-999;-999;-999;-999;-999;-999;0.68;0.40;0.31;0.45;106.95;2.2;;Only 5 obs, RMS 2.39 m/s
HD135599;2;Single system  ;15;15;59.167;0;47;46.900;15.819;6.905;5.48;5.115;4.958;K0 V;5250;70;-0.06;0.86;0.02;0.414;0.005;0.776;0.008;2.9;1.7;4.39;0.38;1200;500;13.55;7.94;-999;-999;-999;-999;-999;-999;-999;-999;58;0.0001;14.9;-999;0.27;0.16;0.61;0.88;253.26;1.43;BY Dra variable;
HD136352;0;Unknown system ;15;21;48.150;-48;19;3.470;14.739;5.65;4.308;3.898;4.159;G2 V;5770;70;-0.34;1.01;0.02;1.037;0.006;1.018;0.007;1.55;1.24;4.42;0.1;-999;-999;33.26;26.61;-999;-999;-999;-999;-999;-999;-999;-999;-999;-999;-999;-999;0.19;0.11;0.97;1.39;465.84;1.34;-999;"3 known planets (Udry et al 2019, updated Delrez et al 2021): b at 11.6d, 4.7Me; c at 27.6d, 11.24 Me; d at 107d, 8-10Me. Peaks in act ind at ~100-1000d ranges"
GJ583;1;Unknown system ;15;22;4.100;-4;46;38.831;19.153;9.459;6.987;6.346;6.183;K4 V;4200;70;-999;0.65;0.02;0.1099;0.0007;0.626;0.004;3.21;1.79;4.42;0.07;-999;-999;9.88;5.51;-999;-999;-999;-999;-999;-999;-999;-999;-999;-999;-999;-999;0.72;0.42;0.32;0.45;108.22;2.34;mdl(hz) > 10mE;Only seven obs, over 10 years! RMS 4.14 m/s, no clear trend, but could be seasonal offsets too maybe?
HD139763;0;Unknown system ;15;40;34.570;-18;2;56.500;15.581;8.91;6.475;5.874;5.689;K6 V;4250;70;-999;0.66;0.02;0.1167;0.0008;0.63;0.004;2.0;1.79;4.3;0.12;-999;-999;15.95;14.28;-999;-999;53;-999;-999;-999;-999;-999;-999;-999;-999;-999;0.57;0.33;0.32;0.47;111.61;1.88;-999;8 obs over 9 years, high scatter RMS 7.5m/s
HD140538;3;Multiple system;15;44;1.819;2;30;54.601;14.793;5.86;4.593;4.045;4.297;G2.5 V;5680;70;-0.06;0.98;0.02;0.826;0.083;0.965;0.007;4.1;2.0;-999;-999;-999;-999;11.92;5.81;-999;-999;-999;-999;-999;-999;-999;-999;-999;-999;-999;-999;0.21;0.12;0.89;1.28;416.97;1.38;"Close WDS comp. 0.2""";No data on exoplanets archive. Observations are multi-point series for each night, should probably average over the night? Taking nightly medians, still a lot of peaks in the 50-200d range in RVs and most activity indicators
HD141004;2;Multiple system;15;46;26.614;7;21;11.047;11.916;4.42;3.43;3.07;2.989;G0 V;6000;60;0;1.05;0.05;2.05;0.01;1.403;0.006;-999;-999;3.99;0.06;3800;-999;-999;-999;-999;-999;-999;-999;-999;-999;-999;-999;-999;-999;-999;-999;0.23;0.13;1.44;2.07;828.7;1.97;HWO target candidate, probably spectroscopic binary;
HD140901;3;Multiple system;15;47;29.101;-37;54;58.723;15.246;6.01;4.959;4.505;4.323;G7 IV;5600;70;0.09;0.902;24;0.816;0.004;0.96;0.006;7.52;0.418;-999;-999;85;65;6.46;0.36;-999;-999;-999;-999;-999;-999;-999;-999;-999;-999;-999;-999;0.21;0.12;0.86;1.24;413.77;1.3;PMS star <100Myr;
HD142860;1;Multiple system;15;56;27.183;15;39;41.810;11.165;3.85;3.149;2.875;2.703;F6 V;6340;70;-0.18;1.27;0.05;3.03;0.02;1.45;0.01;-999;-999;3.65;0.22;-999;-999;-999;-999;-999;-999;-999;-999;-999;-999;-999;-999;-999;-999;-999;-999;0.89;0.52;1.66;2.40;937.39;9.32;;
HD142709;0;Multiple system;15;57;40.744;-42;37;27.243;14.740;8.06;6.032;5.452;5.284;K4 V;4457;70;-0.42;0.71;0.02;0.174;0.001;0.7;0.004;2.7;1.64;4.45;0.05;-999;-999;13.13;7.97;-999;-999;-999;-999;-999;-999;-999;-999;43;6E-05;17;-999;0.39;0.23;0.40;0.57;146.41;1.51;-999;Low-significance peak at 4000d. Another at 300d may line up with act ind? But none of them are significant
HD144628;0;Unknown system ;16;9;42.940;-56;26;45.460;14.671;7.11;5.546;5.102;4.981;K3 V;5060;70;-0.4;0.8;0.02;0.307;0.031;0.787;0.039;0.22;0.47;4.0;0.3;-999;-999;181.15;387.11;-999;-999;-999;-999;-999;-999;-999;-999;-999;-999;-999;-999;0.27;0.16;0.58;0.83;241.72;1.34;-999;No data on exoplanet archive. Big offset pre/post upgrade. Taking only pre-upgrade data, RV peaks at  15, 30,40d, many in act ind (image saved)
HD145417;2;Unknown system ;16;13;48.559;-57;34;13.844;13.597;7.53;5.888;5.395;5.293;K3 V;4920;70;-1.16;0.62;16;0.195;0.019;0.589;0.029;4.6;2.14;3.5;0.3;-999;-999;6.48;3.03;-999;-999;-999;-999;-999;-999;-999;-999;-999;-999;-999;-999;0.31;0.18;0.41;0.59;164;1.12;-999;"Peaks in RV at 40d, 60d; lots of signal in Halpha"
HD146233;0;Multiple system;16;15;37.271;-8;22;9.982;14.137;5.49;4.667;4.162;4.186;G2 V;5880;70;0.06;1.04;0.02;1.087;0.007;1.007;0.008;2.06;1.44;4.37;0.1;-999;-999;24.75;17.31;-999;-999;-999;-999;-999;-999;-999;-999;-999;-999;-999;-999;0.19;0.11;0.99;1.43;476.69;1.38;-999;FAP lines super low -> Some nights have literally hundreds of points!! (G pdf) Taking nightly median (GK pdf), peaks in RV at 20d, 1000d, also in act ind though not at same period...
HD147513;0;Multiple system;16;24;1.291;-39;11;34.730;12.892;5.37;4.405;4.025;3.933;G5 V;5910;70;0.04;1.04;0.03;1.009;0.007;0.957;0.007;-999;-999;4.41;0.07;-999;-999;-999;-999;-999;-999;-999;-999;-999;-999;-999;-999;-999;-999;-999;-999;0.18;0.10;0.95;1.38;450.35;1.23;-999;
HD149661;2;Multiple system;16;36;21.450;-2;19;28.513;9.894;5.77;4.446;4.053;4.039;K2 V;5450;320;0.07;0.89;0.02;0.464;0.003;0.819;0.006;2.4;1.55;4.26;0.09;-999;-999;17.28;11.16;-999;-999;-999;-999;-999;-999;-999;-999;-999;-999;-999;-999;0.18;0.10;0.69;1.0;300.72;0.97;BY Dra variable;lots of signals at 50-100d in all periodograms, high rms
HD150689;0;Unknown system ;16;44;15.016;-38;56;37.087;14.220;7.52;5.68;5.189;5.043;K3 V;4660;70;-0.11;0.75;0.02;0.225;0.002;0.729;0.005;7.60;0.422;4.72;0.29;-999;-999;4.86;0.27;-999;-999;-999;-999;-999;-999;-999;-999;-999;-999;-999;-999;0.31;0.18;0.45;0.65;172.02;1.29;-999;
HD152391;0;Unknown system;16;52;58.803;-0;1;35.118;16.810;6.64;5.235;4.942;4.835;G8,5 V;5410;70;0.03;0.88;0.05;0.571;0.004;0.861;0.006;-999;-999;4.39;0.08;-999;-999;-999;-999;-999;-999;-999;-999;-999;-999;-999;-999;-999;-999;-999;-999;0.39;0.15;0.72;1.04;321.41;1.47;;
HD152705;0;Multiple system;16;56;42.672;-39;8;12.754;15.692;8.59;6.304;5.728;5.561;K3.5 V;4442;70;-999;0.7;0.02;0.1399;0.0007;0.631;0.003;-999;-999;4.43;0.07;-999;-999;-999;-999;-999;-999;-999;-999;-999;-999;-999;-999;-999;-999;-999;-999;0.50;0.29;0.36;0.51;125.25;1.79;-999;
HD154088;0;Unknown system ;17;4;27.843;-28;34;57.640;18.273;6.584;5.225;4.955;4.758;K0 V;5420;70;0.3;0.93;0.02;0.717;0.005;0.96;0.009;1.06;1.03;3.99;0.13;-999;-999;45.86;44.57;-999;-999;-999;-999;-999;-999;-999;-999;-999;-999;-999;-999;0.26;0.15;0.81;1.16;370.25;1.6;-999;One planet (Unger at 21), 18.56d, 6.6Me. Strong signal in act ind (and also small peak in RVs) at 400d
HD154363;0;Multiple system;17;5;3.394;-5;3;59.438;10.464;7.7;5.522;4.942;4.726;K4.5 V;4300;70;-0.6;0.68;0.02;0.133;0.001;0.657;0.005;-999;-999;4.05;0.07;-999;-999;-999;-999;-999;-999;-999;-999;-999;-999;-999;-999;-999;-999;-999;-999;0.33;0.19;0.35;0.50;122.72;1.14;-999;Some RV peaks but not significant. Halpha quite noisy, though
HD154577;0;Single system  ;17;10;10.351;-60;43;43.580;13.726;7.38;5.694;5.204;5.091;K2.5 V;5040;70;-0.69;0.78;0.03;0.224;0.001;0.622;0.004;3.13;1.77;4.66;0.1;4800;-999;10.06;5.69;-999;-999;-999;-999;-999;-999;-999;-999;67;1.5e-05;8;-999;0.30;0.18;0.45;0.65;168.68;1.32;-999;Outliers & jump pre/post. Taking pre only, peaks in the 100s of days for all periodograms (image saved)
HD155203;3;Multiple system;17;12;9.194;-43;14;21.082;22.436;3.33;2.398;2.295;2.255;F5 IV;6590;70;-0.11;1.6;0.25;19.1;0.2;3.36;0.03;-999;-999;-999;-999;-999;-999;-999;-999;-999;-999;-999;-999;-999;-999;-999;-999;-999;-999;-999;-999;1.16;0.67;4.17;6.00;3311.0;21.33;overluminous, too hot and massive;
HD155886;0;Multiple system;17;15;20.784;-26;36;6.117;5.953;5.08;2.518;2.013;1.84;K2 V;4600;300;-0.17;0.8;0.06;0.43;0.06;1.0;0.2;7.86;0.437;4.574;162;-999;-999;6.44;1.34;-999;-999;-999;-999;-999;-999;-999;-999;-999;-999;-999;-999;0.10;0.06;0.45;0.60;155.34;0.43;-999;
HD155885;0;Multiple system;17;15;20.984;-26;36;10.173;5.948;5.03;2.518;2.013;1.84;K1 V;5210;70;-999;0.84;0.02;0.339;0.007;0.71;0.02;-999;-999;2.57;1.0;-999;-999;-999;-999;-999;-999;-999;-999;-999;-999;-999;-999;-999;-999;-999;-999;0.11;0.06;0.55;0.79;218.55;0.5;-999;
HD156026;3;Multiple system;17;16;13.362;-26;32;46.136;5.954;6.34;4.155;-999;3.466;K5 V;4520;70;-0.16;0.71;0.02;0.145;0.001;0.622;0.005;0.135;1.5;-999;-999;-999;-999;233.32;2592;-999;-999;-999;-999;-999;-999;-999;-999;-999;-999;-999;-999;0.18;0.10;0.36;0.52;126.51;0.62;RS CVn Variable;
HD156274;0;Multiple system;17;19;3.838;-46;38;10.440;8.791;5.47;4.077;3.146;3.421;G9 V;5340;70;-0.34;0.88;0.02;0.487;0.049;0.853;0.043;4.5;0.5;4.686;0.071;-999;-999;9.6;1.17;-999;-999;-999;-999;-999;-999;-999;-999;-999;-999;-999;-999;0.15;0.09;0.69;1.0;302.43;0.87;-999;Strong linear trend: fitting out, some peaks in Rv at 10d, 20d but also plenty of peaks in act ind. RMS not too bad once linear fitted out, 1.4 m/s
HD157347;0;Multiple system;17;22;51.288;-2;23;17.439;19.620;6.278;5.133;4.803;4.686;G3 V;5700;70;0.02;1.0;0.02;1.031;0.006;1.041;0.008;1.55;1.25;4.04;0.1;-999;-999;34.01;27.43;-999;-999;-999;-999;-999;-999;-999;-999;-999;-999;-999;-999;0.25;0.15;0.97;1.39;468.17;1.82;-999;Forest of peaks at 10-100d, also strong in CRX, Na... probably quite active? However, taking night-medians of data, nothing significant in periodograms except at ~300d in NaD1
HD157881;0;Multiple system;17;25;45.232;2;6;41.124;7.713;7.54;4.934;4.341;4.37;K7 V;4081;70;-0.19;0.64;0.02;0.1127;0.0009;0.671;0.005;-999;-999;4.49;0.01;-999;-999;-999;-999;-999;-999;-999;-999;-999;-999;-999;-999;-999;-999;-999;-999;0.29;0.16;0.32;0.46;111.19;0.89;-999;
HD158233;0;Unknown system ;17;29;6.556;-23;50;10.004;18.394;9.597;7.177;6.567;6.39;K5 V;4200;70;-999;0.64;0.03;0.0867;0.0006;0.556;0.004;1.9;1.38;4.42;0.07;-999;-999;14.82;10.76;-999;-999;-999;-999;-999;-999;-999;-999;-999;-999;-999;-999;0.30;0.17;0.28;0.40;90.51;0.88;-999;Only 8 obs over 9 years. RMS 4.78m/s, no clear trend
HD160346;3;Multiple system;17;39;16.916;3;33;18.876;11.000;6.525;4.696;4.399;4.098;K3 V;4760;70;-0.1;0.79;0.03;0.342;0.006;0.862;0.009;3.0;1.7;-999;-999;-999;-999;14.55;8.25;-999;-999;-999;-999;-999;-999;-999;-999;-999;-999;-999;-999;0.20;0.11;0.56;0.80;230.42;0.9;Spectroscopic Binary;Very strong signal at 90d! Close signal in CRX though... Super high RMS -> fitting the 83d signal, rms=5.68. Also fitting the next signal at 27d, fit is very eccentric and rms only goes down to 3.4
HD160032;2;Unknown system ;17;40;23.826;-49;24;56.099;20.962;4.77;4.02;3.7;3.83;F4 V;6640;70;-0.29;1.35;0.1;4.55;0.06;1.61;0.01;-999;-999;3.87;0.07;2200;300;-999;-999;-999;-999;-999;-999;-999;-999;-999;-999;76;5.4e-06;27;-999;2.44;1.41;2.03;2.92;1224.0;28.76;mdl(hz) > 10mE;
HD160915;2;Unknown system ;17;43;25.794;-21;40;59.499;17.169;4.861;4.081;3.787;3.877;F5 V;6440;70;-0.18;1.29;0.03;2.88;0.03;1.365;0.01;-999;-999;4.1;0.06;-999;-999;-999;-999;-999;-999;-999;-999;-999;-999;-999;-999;-999;-999;-999;-999;1.80;1.04;1.62;2.33;892.55;18.52;mdl(hz) > 10mE;
HD160691;0;Unknown system ;17;44;8.703;-51;50;2.592;15.60;5.12;4.158;3.724;3.683;G3 V;5750;70;0.28;1.08;0.05;1.849;0.01;1.37;0.007;7.06;0.392;4.74;0.18;-999;-999;9.83;0.55;-999;-999;-999;-999;-999;-999;-999;-999;-999;-999;-999;-999;0.15;0.09;1.29;1.86;694.68;1.31;HWO target candidate;
HD165341A;2;Multiple system;18;5;27.248;2;30;527;5.1133;3.987;2.343;1.876;1.791;K0 V;5138;70;-0.02;0.84;0.02;0.562;0.003;0.946;0.002;-999;-999;4.35;0.04;-999;-999;-999;-999;-999;-999;-999;-999;-999;-999;-999;-999;700;0.0015;0.12;-999;0.07;0.04;0.72;1.03;326.17;0.38;HWO target candidate, spectroscopic binary;
HD165341B;0;Multiple system;18;5;27.463;2;29;56.209;5.106;6.07;2.343;1.876;1.791;K4 V;4500;70;-0.02;0.7;0.02;0.14;0.006;0.62;0.03;-999;-999;3.23;0.85;-999;-999;-999;-999;-999;-999;-999;-999;-999;-999;-999;-999;-999;-999;-999;-999;0.16;0.09;0.36;0.52;127.41;0.56;-999;
HD165185;2;Multiple system;18;6;23.719;-36;1;11.231;17.115;5.94;4.835;4.614;4.469;G1 V;5970;70;-0.08;0.95;0.1;1.08;0.009;0.971;0.008;9.04;0.502;4.911;156;350;130;5.44;0.31;-999;-999;-999;-999;-999;-999;-999;-999;-999;-999;-999;-999;0.24;0.14;0.99;1.42;495.67;1.67;HWO target candidate, PMS star 350 Myr;
HD165499;0;Single system  ;18;10;26.154;-62;0;7.992;17.795;5.49;4.43;4.02;4.13;G0 V;6030;70;0.01;1.13;0.05;1.71;0.02;1.2;0.01;-999;-999;4.05;0.1;-999;-999;-999;-999;-999;-999;-999;-999;-999;-999;-999;-999;-999;-999;-999;-999;0.36;0.21;1.25;1.80;647.06;3.08;HWO target candidate;
HD166348;2;Single system  ;18;12;21.392;-43;26;41.453;13.208;8.38;6.037;5.417;5.241;M0 V;4300;90;0.34;0.72;0.02;0.1304;0.0008;0.656;0.003;4.8;2.2;4.43;0.06;3500;2500;6.92;3.17;-999;-999;-999;-999;-999;-999;-999;-999;80;4E-05;4;-999;0.45;0.26;0.35;0.50;119.26;1.6;-999;No signals, but relatively high RMS 
HD168442;0;Unknown system ;18;19;50.841;-1;56;19.004;19.085;9.66;7.084;6.455;6.28;K7 V;4500;80;-0.7;0.62;0.06;0.0965;0.0006;0.614;0.004;7.56;0.42;4.45;0.05;-999;-999;4.11;0.23;-999;-999;-999;-999;-999;-999;-999;-999;-999;-999;-999;-999;0.81;0.47;0.36;0.51;133.08;2.72;;Only 5 obs over 6 years. RMS 4.18 m/s, no clear trend
HD170493;0;Unknown system ;18;29;52.408;-1;49;5.170;18.812;8.004;6.069;5.643;5.484;K4 V;4750;70;0.34;0.77;0.02;0.265;0.002;0.761;0.005;1.21;1.1;4.47;0.03;-999;-999;31.85;28.95;-999;-999;-999;-999;-999;-999;-999;-999;-999;-999;-999;-999;0.39;0.22;0.49;0.71;193.45;1.67;-999;RV RMS 3.16 m/s, hint of long-term signal at ~4000d? But not significant. Visually, looks like a 2nd order/half-keplerian? Activity indicators fairly quiet, signal in NaD1 at ~350d. Fitting out a quadratic, rms is pretty good
HD170657;0;Multiple system;18;31;18.961;-18;54;31.730;13.184;6.81;5.286;4.87;4.704;K2 V;5130;70;-0.13;0.82;0.02;0.327;0.002;0.724;0.005;7.89;0.439;4.4;0.3;-999;-999;4.65;0.26;-999;-999;-999;-999;-999;-999;-999;-999;-999;-999;-999;-999;0.24;0.14;0.54;0.78;216.27;1.15;-999;
HD172051;0;Multiple system;18;38;53.401;-21;3;6.751;13.031;5.85;4.789;4.309;4.227;G6 V;5650;70;-0.22;0.96;0.02;0.692;0.004;0.867;0.007;4.0;2.0;4.62;0.8;-999;-999;10.98;5.49;-999;-999;-999;-999;-999;-999;-999;-999;90;5E-06;8;-999;0.20;0.11;0.79;1.14;353.37;1.18;-999;Some signals around 10d in RV, could try fitting? Scatter relatively low (1.46 m/s) Signals disappear when night-binning, but it is a relatively short period. Nothing major in activity indices. Fits: autofit 1.56d, 3.2Me. Alternate at 15d, 6.4Me. Alternate at 689d, 18Me
HD173667;2;Multiple system;18;45;39.726;20;32;46.713;19.352;4.19;3.32;3.286;3.06;F6 V;6410;70;0.01;1.37;0.1;6.29;0.07;2.04;0.02;-999;-999;3.75;0.09;2399;113;-999;-999;-999;-999;-999;-999;-999;-999;-999;-999;-999;-999;-999;-999;1.24;0.72;2.39;3.45;1557.0;16.07;mdl(hz) > 10mE;
HD173818;0;Multiple system;18;47;27.251;-3;38;23.402;14.259;8.766;6.384;5.744;5.581;K5 V;4200;70;-0.42;0.65;0.02;0.1089;0.0007;0.623;0.005;5.1;2.26;4.42;0.08;-999;-999;6.19;2.74;-999;-999;-999;-999;-999;-999;-999;-999;-999;-999;-999;-999;0.19;0.04;0.31;0.45;106.12;0.22;-999;9 obs, no signal, RMS 3.05
HIP92444;0;Unknown system ;18;50;21.163;-26;55;25.083;17.649;9.68;6.989;6.378;6.183;K8 V;4090;70;-999;0.63;0.02;0.0886;0.0006;0.592;0.005;-999;-999;4.42;0.07;-999;-999;-999;-999;-999;-999;-999;-999;-999;-999;-999;-999;-999;-999;-999;-999;0.76;0.44;0.28;0.41;93.25;2.29;;Only 7 obs. Removing a visual outlier, RMS 4.25 m/s, no signals
HD177565;0;Unknown system ;19;6;52.464;-37;48;38.373;16.953;6.16;5.256;4.742;4.539;G6 V;5640;70;0.08;0.98;0.02;0.874;0.006;0.979;0.009;0.75;0.87;4.09;0.12;-999;-999;66.1;76.68;-999;-999;-999;-999;-999;-999;-999;-999;-999;-999;-999;-999;0.23;0.12;0.89;1.28;416.97;1.38;-999;One known planet, b at 44.5d, 15Me (Feng et al 2017). There's a distinct jump at around 2014-10-16/17... Could be related to lamp change from ThAr to FP, maybe? Splitting the data, there's a clear ~40d signal in both, though also lots of others. Feng et al have 68 RVs, didn't include the last season of data, coinciding with the post-jump phase (it isn't mentioned at all). CRX and Halpha show quite a few peaks in their periodograms
HD181321;3;Multiple system;19;21;29.728;-34;59;0.356;19.886;6.48;5.319;5.05;4.926;G2 V;5850;70;-0.03;0.99;0.02;0.89;0.01;0.961;0.008;12.0;3.46;-999;-999;200;0;4.06;1.17;-999;-999;-999;-999;-999;-999;-999;-999;-999;-999;-999;-999;0.29;0.17;0.94;1.35;449.75;2.02;"PMS star 200Myr, spectr. binary, close vis. comp. at 0.2""";Clear linear trend in RVs, but linear alone doesn't remove everything. No known planet, but strong signal in RV periodogram at ~770d, ~1000d, ~1500d. Some peaks above FAP level in NaD1 at ~200,400d, otherwise nothing in activity.-> Could be worth fitting out the RV signal, seeing what it looks like -> fitting at 782d, 34Mj! And still high RMS in residuals, periodograms clustered at 1d
HD182572;0;Multiple system;19;24;58.200;11;56;39.888;14.922;4.97;3.553;3.327;3.037;G7 IV;5570;70;0.4;1.04;0.1;1.699;0.009;1.402;0.008;-999;-999;4.21;0.1;-999;-999;-999;-999;-999;-999;-999;-999;-999;-999;-999;-999;-999;-999;-999;-999;0.13;0.08;1.24;1.79;667.85;1.12;HWO target candidate;
HD183870;0;Multiple system;19;32;6.704;-11;16;29.790;17.679;7.53;5.912;5.451;5.331;K2 V;4960;70;-0.02;0.8;0.02;0.314;0.002;0.76;0.005;-999;-999;4.46;0.04;-999;-999;-999;-999;-999;-999;-999;-999;-999;-999;-999;-999;41;0.0001;26;-999;0.32;0.18;0.53;0.77;213.99;1.45;-999;
HD184489;0;Unknown system ;19;34;39.840;4;34;57.050;14.439;9.326;6.714;6.142;5.918;M0 V;4030;70;-999;0.61;0.02;0.0783;0.0004;0.573;0.005;-999;-999;4.44;0.06;-999;-999;-999;-999;-999;-999;-999;-999;-999;-999;-999;-999;-999;-999;-999;-999;0.63;0.36;0.27;0.38;86.64;1.79;-999;
HD187691;1;Multiple system;19;51;1.644;10;24;56.592;19.488;4.976;4.234;3.863;3.902;F8 V;6100;70;0.14;1.21;0.05;2.83;0.02;1.51;0.01;-999;-999;3.85;0.1;-999;-999;-999;-999;-999;-999;-999;-999;-999;-999;-999;-999;-999;-999;-999;-999;0.57;0.33;1.60;2.31;907.62;5.66;;
HD188088;2;Multiple system;19;54;17.745;-23;56;27.859;14.144;6.213;4.747;4.158;4.043;K3 V;4860;70;0.25;0.86;0.08;0.716;0.005;1.196;0.008;10.2;3.2;4.39;0.08;-999;-999;5.94;1.86;-999;-999;-999;-999;-999;-999;-999;-999;-999;-999;-999;-999;0.17;0.10;0.81;1.16;385.02;1.03;BY Dra variable;42 points over 17 nights, HUGE scatter
HD188474;0;Unknown system ;19;56;37.026;-31;20;7.141;19.5475523532;8.44;6.534;6.013;5.869;K3.5 V;4690;70;-999;0.74;0.02;0.199;0.001;0.675;0.005;-999;-999;4.33;0.16;-999;-999;-999;-999;-999;-999;-999;-999;-999;-999;-999;-999;-999;-999;-999;-999;0.47;0.27;0.42;0.61;156.92;1.86;-999;
HD189245;3;Unknown system ;20;0;20.249;-33;42;12.425;22.147;5.65;4.513;4.641;4.476;F7 V;6350;70;-0.12;1.2;0.05;2.19;0.01;1.22;0.01;60.742;3.375;-999;-999;85;65;1.02;0.06;-999;-999;-999;-999;-999;-999;-999;-999;-999;-999;-999;-999;2.12;1.22;1.40;2.02;745.56;19.5;PMS star <100Myr, large vsini;
HD189733;3;Multiple system;20;0;43.713;22;42;39.073;19.776;7.67;6.073;5.587;5.541;K2 V;5108;70;-0.15;0.82;0.02;0.338;0.002;0.742;0.004;4.5;2.1;-999;-999;-999;-999;8.35;3.9;-999;-999;-999;-999;-999;-999;-999;-999;-999;-999;-999;-999;0.35;0.20;0.55;0.80;223.68;1.66;Hot Jupiter, BY Dra variable;One known planet, HD 189733b, P 2.2d, 1.13Mj -> HJ. Was observed on only 4 nights, very intensively each night
HD190007;2;Unknown system ;20;2;47.046;3;19;34.266;12.715;7.46;5.476;4.956;4.796;K5 V;4617;70;0.08;0.74;0.02;0.213;0.001;0.722;0.003;-999;-999;4.48;0.02;-999;-999;-999;-999;-999;-999;-999;-999;-999;-999;-999;-999;-999;-999;-999;-999;0.30;0.17;0.44;0.63;166.15;1.19;BY Dra variable;
HD189567;0;Unknown system ;20;5;32.765;-67;19;15.226;17.932;6.07;4.97;4.724;4.511;G2 V;5800;70;-0.24;1.02;0.02;1.045;0.007;1.04;0.07;0.84;0.92;4.3;0.16;-999;-999;62.7;68.8;-999;-999;-999;-999;-999;-999;-999;-999;40;3.5e-06;50;-999;0.24;0.14;1.0;1.44;487.32;1.74;-999;Two known planets, b at 14d, 8.5Me, c at 33.7d, 7Me (Unger et al 2021). Could there be more earth-size planets in the system? Strong signal at 90d, 350d in activity indicators
HD190422;1;Unknown system ;20;7;35.091;-55;0;57.649;24.09;6.25;5.329;5.099;4.951;F9 V;6060;70;-0.07;1.11;0.05;1.49;0.01;1.107;0.007;-999;-999;4.38;0.09;-999;-999;-999;-999;-999;-999;-999;-999;-999;-999;-999;-999;-999;-999;-999;-999;0.74;0.42;1.16;1.67;583.51;5.87;;
HD190248;0;Unknown system ;20;8;43.609;-66;10;55.443;6.099;3.55;2.299;2.041;1.933;G8 IV;5492;70;0.33;0.99;0.07;1.309;0.006;1.264;0.006;1.51;1.23;2.02;0.03;-999;-999;42.39;34.53;-999;-999;-999;-999;-999;-999;-999;-999;-999;-999;-999;-999;0.07;0.04;1.09;1.57;563.04;0.51;-999;5323 obs over 391 nights, jump from pre to post. Unbinned shows strong peaks at 1d, binned at ~300d, also in act ind
HD191391;3;Multiple system;20;10;19.570;-20;29;36.373;15.821;8.901;6.485;5.867;5.703;K6 V;4227;70;-999;0.66;0.02;0.1207;0.0007;0.648;0.004;-999;-999;-999;-999;-999;-999;-999;-999;-999;-999;-999;-999;-999;-999;-999;-999;-999;-999;-999;-999;0.56;0.32;0.33;0.48;115.87;1.85;"Close WDS comp. 0.2""";Big jump from pre to post upgrade datasets, strong linear trend. Taking only the pre-upgrade dataset, and removing the linear, peak in RVs at ~300d, RMS 7.49m/s. Nothing in act ind
HD191408;0;Multiple system;20;11;11.939;-36;6;4.351;6.0122;5.32;3.518;2.999;3.008;K2.5 V;5010;70;-0.54;0.8;0.02;0.287;0.002;0.71;0.007;7.75;0.431;3.47;0.08;-999;-999;4.64;0.26;-999;-999;-999;-999;-999;-999;-999;-999;600;0.0003;0.12;-999;0.11;0.07;0.51;0.73;199.35;0.55;-999;
HD192263;3;Multiple system;20;13;59.846;0;52;0.770;19.630;7.79;6.115;5.685;5.537;K1.5 V;5030;70;-0.01;0.81;0.02;0.312;0.002;0.736;0.004;3.3;1.82;-999;-999;-999;-999;11.29;6.23;-999;-999;-999;-999;-999;-999;-999;-999;74;5.9e-05;8;-999;0.36;0.21;0.53;0.77;212.67;1.7;Warm Jupiter at 24d, BY Dra variable, mdl(hz) > 10mE;One planet, b at 24d, 0.6Mj -> WJ host. Few HARPS obs. Some noise in Halpha. 
HD192310;0;Unknown system ;20;15;17.391;-27;1;58.712;8.812;5.723;4.11;3.582;3.5;K2 V;5159;70;0.0;0.84;0.02;0.393;0.002;0.784;0.004;0.49;0.7;4.47;0.03;-999;-999;81.02;115.75;-999;-999;-999;-999;-999;-999;-999;-999;-999;-999;-999;-999;0.15;0.09;0.60;0.86;248.55;0.79;-999;"Two known planets, HD 192310 b at 74d, 16Me; c at 525d, 24Me. Also strong peaks in activity indicators"
HD192961;0;Unknown system ;20;19;36.936;-46;25;41.214;18.503;8.708;6.524;5.999;5.785;K5.5 V;4460;70;-0.35;0.71;0.02;0.16;0.0009;0.67;0.005;2.72;1.65;4.32;0.18;-999;-999;12.47;7.57;-999;-999;-999;-999;-999;-999;-999;-999;-999;-999;-999;-999;0.53;0.31;0.38;0.55;137.44;1.99;;Strong RV peak at 40d, another at 90d. Nothing strong in act ind -> fitting, 39.6d, 0.04Mj - not really a WJ, too small
HD194640;0;Unknown system ;20;27;44.243;-30;52;4.244;19.305;6.62;5.362;5.067;4.915;G8 V;5600;70;-0.02;0.96;0.02;0.748;0.004;0.919;0.005;-999;-999;4.37;0.09;-999;-999;-999;-999;-999;-999;-999;-999;-999;-999;-999;-999;-999;-999;-999;-999;0.28;0.16;0.82;1.19;375.57;1.75;-999;
HD196761;0;Unknown system ;20;40;11.755;-23;46;25.919;14.672;6.36;5.296;4.81;4.597;G7.5 IV;5570;70;-0.3;0.92;0.03;0.553;0.003;0.8;0.006;0.74;0.86;4.22;0.11;-999;-999;54.75;63.62;-999;-999;-999;-999;-999;-999;-999;-999;-999;-999;-999;-999;0.25;0.14;0.72;1.02;309;1.4;-999;No peaks in RV, scatter low (1.78 m/s). Some peaks at 300-400d in act ind but below FAP lines (save for CRX, which peaks at 50 and 1000d just above)
HD196877;0;Unknown system ;20;42;18.783;-52;41;57.352;12.341;8.83;6.274;5.665;5.474;K7 V;4132;70;-0.77;0.63;0.02;0.0868;0.0004;0.575;0.003;7.72;0.429;4.3;0.3;-999;-999;3.77;0.21;-999;-999;-999;-999;-999;-999;-999;-999;-999;-999;-999;-999;0.52;0.30;0.28;0.40;91.23;1.55;-999;Nothing in RVs, some signal in NaD1 but others look flat enough. RMS is fairly low
HD199260;3;Unknown system ;20;56;47.332;-26;17;46.960;21.102;5.7;5.077;4.734;4.475;F6 V;6260;70;-0.1;1.14;0.05;1.96;0.01;1.184;0.009;14.15;0.7;-999;-999;400;100;4.24;0.21;-999;-999;-999;-999;-999;-999;-999;-999;74;1.5e-05;20;-999;1.67;0.96;1.33;1.91;705.34;14.56;PMS star <500Myr;
HD200779;0;Multiple system;21;5;19.746;7;4;9.472;15.046;8.27;6.04;5.485;5.306;K6 V;4400;70;0.18;0.7;0.02;0.164;0.001;0.697;0.005;4.1;2.0;4.48;0.02;-999;-999;8.61;4.2;-999;-999;-999;-999;-999;-999;-999;-999;-999;-999;-999;-999;0.43;0.25;0.39;0.56;142.91;1.61;-999;12 obs in 2 seasons. No RV signal, scatter not terrible (2.53 m/s), maybe signal in Na? but few points really
HD200968;3;Multiple system;21;7;10.381;-13;55;22.528;17.384;7.12;5.606;5.106;5.023;K1 IV;5080;70;0.1;0.77;0.08;0.42;0.001;0.83;0.001;7.482;0.416;-999;-999;30;0;5.62;0.31;-999;-999;-999;-999;-999;-999;-999;-999;-999;-999;-999;-999;0.27;0.16;0.61;0.88;267.65;1.35;PMS star <100Myr;
HD202575;3;Multiple system;21;16;32.467;9;23;37.775;16.171;7.88;6.066;5.527;5.391;K3 V;4660;70;-0.06;0.75;0.02;0.213;0.001;0.708;0.004;-999;-999;-999;-999;85;65;-999;-999;-999;-999;-999;-999;-999;-999;-999;-999;-999;-999;-999;-999;0.36;0.21;0.44;0.63;165.04;1.48;PMS star <100Myr;
HD202940;3;Multiple system;21;19;45.627;-26;21;10.399;18.509;6.63;5.114;4.72;4.574;G7 V;5190;70;-0.4;0.91;0.06;0.79;0.01;1.1;0.01;-999;-999;-999;-999;4270;-999;-999;-999;-999;-999;-999;-999;-999;-999;-999;-999;22;2.8e-06;140;-999;0.23;0.13;0.85;1.22;403.15;1.41;"Spectroscopic Binary and close vis. comp. at 0.7""";
HD203040;0;Unknown system ;21;20;13.821;-19;51;8.224;15.776;9.086;6.541;5.905;5.721;K6.5 V;4130;70;-999;0.65;0.02;0.1111;0.0007;0.65;0.005;1.8;1.5;4.45;0.04;-999;-999;18.29;15.24;-999;-999;44;-999;-999;-999;-999;-999;-999;-999;-999;-999;0.59;0.34;0.32;0.46;110.34;1.91;-999;Only 4 points over 5 years
HD203608;1;Unknown system ;21;26;26.605;-65;21;58.313;9.258;4.21;3.34;2.992;2.969;F9 V;6190;70;-0.62;1.13;0.05;1.475;0.009;1.057;0.008;-999;-999;3.63;0.24;-999;-999;-999;-999;-999;-999;-999;-999;-999;-999;-999;-999;-999;-999;-999;-999;0.65;0.38;1.16;1.67;578.33;5.36;;
HD204587;0;Unknown system ;21;30;2.756;-12;30;36.245;17.722;9.075;6.656;6.656;5.881;K7 V;4151;70;-999;0.66;0.04;0.1283;0.0007;0.693;0.004;-999;-999;4.46;0.04;-999;-999;-999;-999;-999;-999;-999;-999;-999;-999;-999;-999;-999;-999;-999;-999;0.59;0.34;0.34;0.49;120.19;1.99;;
HD205390;0;Unknown system ;21;36;41.244;-50;50;43.388;14.815;7.14;5.518;5.137;4.97;K1 V;5161;70;-0.18;0.8;0.02;0.31;0.002;0.74;0.037;2.7;3.0;4.702;0.08;-999;-999;13.88;15.44;-999;-999;-999;-999;-999;-999;-999;-999;-999;-999;-999;-999;0.29;0.17;0.56;0.81;231.51;1.4;-999;
HD206860;2;Multiple system;21;44;31.330;14;46;18.983;18.133;5.96;4.793;4.598;4.559;G0 V;6040;70;-0.06;1.07;0.02;1.147;0.006;0.979;0.005;-999;-999;4.27;0.13;400;100;-999;-999;-999;-999;-999;-999;-999;-999;-999;-999;80;8.6e-06;13;-999;0.52;0.30;1.02;1.47;490.5;3.86;HWO target candidate, PMS star 400 Myr;
HD207129;0;Single system  ;21;48;15.751;-47;18;13.018;15.559;5.57;4.72;4.306;4.236;G2 V;5880;70;0.0;1.06;0.04;1.219;0.008;1.062;0.008;3.9;2.0;4.38;0.1;3000;1000;13.79;7.07;-999;-999;-999;-999;60.7;1.0;12.03;6.17;44.6;9.1e-05;43;0;0.20;0.11;1.05;1.51;513.74;1.43;HWO target candidate;
HD209100;0;Multiple system;22;3;21.654;-56;47;9.522;3.638;4.69;2.894;2.349;2.237;K5 V;4680;70;-0.18;0.75;0.02;0.213;0.001;0.687;0.005;2.49;1.58;4.48;0.02;-999;-999;13.97;8.87;-999;-999;-999;-999;-999;-999;-999;-999;-999;-999;-999;-999;0.08;0.05;0.43;0.62;160.43;0.35;-999;Triple star system (Eps Ind) and one known planet, eps Ind A b at 16510d, 3.25Mj (Feng et al 2019, astrometry). 4514 obs over 137 nights!! Clear offset pre/post. Unbinned shows strong power at 1d, probably aliasing from the time series? Removing one supersampled night, lots of power in all the periodograms form 1-100d, RMS 8.94 - 2.62 m/s removing a linear trend. Binned periodograms show some power around ~280d in RV and act ind
HD210027;3;Multiple system;22;7;0.666;25;20;42.356;11.904;3.77;2.95;2.729;2.5;F5 V;6460;70;-0.09;1.32;0.05;3.55;0.03;1.51;0.01;-999;-999;-999;-999;-999;-999;-999;-999;-999;-999;-999;-999;-999;-999;-999;-999;-999;-999;-999;-999;1.13;0.65;1.79;2.58;1026.8;12.32;Spectroscopic Binary and too far north;
HD210302;2;Unknown system ;22;10;8.780;-32;32;54.270;18.458;4.92;3.93;3.639;3.704;F6 V;6380;20;0.09;1.3;0.05;2.9;0.02;1.39;0.01;-999;-999;4.02;0.07;2239;-999;-999;-999;-999;-999;-999;-999;-999;-999;-999;-999;-999;-999;-999;-999;1.62;0.94;1.62;2.33;889.11;16.81;mdl(hz) > 10mE;
HD211415;0;Multiple system;22;18;15.613;-53;37;37.467;14.066;5.39;4.426;3.925;3.913;G0 V;5670;70;-0.21;1.01;0.03;1.215;0.009;1.143;0.008;-999;-999;4.05;0.1;-999;-999;-999;-999;-999;-999;-999;-999;-999;-999;-999;-999;-999;-999;-999;-999;0.16;0.10;1.05;1.51;526.3;1.27;-999;
HD211970;0;Unknown system ;22;22;16.206;-54;33;38.204;13.130;8.98;6.462;5.842;5.663;K7 V;4138;70;-999;0.63;0.02;0.0835;0.0004;0.562;0.003;-999;-999;4.47;0.03;-999;-999;-999;-999;-999;-999;-999;-999;-999;-999;-999;-999;-999;-999;-999;-999;0.57;0.33;0.27;0.40;89.22;1.69;-999;One known planet, b at 25d, 13Mearth. Only 6 obs over 4 years
HD212330;3;Multiple system;22;24;56.369;-57;47;50.841;20.340;5.31;4.318;3.889;3.852;G2 V;5700;70;0.06;1.12;0.13;2.72;0.02;1.69;0.01;-999;-999;3.79;0.12;-999;-999;-999;-999;-999;-999;-999;-999;-999;-999;-999;-999;-999;-999;-999;-999;0.16;0.09;1.57;2.26;914.58;1.47;"HWO target candidate, WDS comp. at 0.9""";
HIP110778;3;Multiple system;22;26;34.300;-16;44;29.720;19.414;6.213;4.129;4.2;4.102;G2 V;6000;100;-0.18;1.13;0.1;1.98;0.08;1.23;0.07;-999;-999;-999;-999;-999;-999;-999;-999;-999;-999;-999;-999;-999;-999;-999;-999;-999;-999;-999;-999;0.27;0.16;1.26;1.82;656.63;2.36;Spectroscopic Binary;
HD213042;0;Unknown system ;22;29;15.236;-30;1;6.264;15.710;7.645;5.769;5.285;5.115;K4 V;4630;70;-0.18;0.76;0.02;0.257;0.002;0.786;0.006;1.47;1.21;4.47;0.03;-999;-999;27.08;22.29;-999;-999;-999;-999;-999;-999;-999;-999;-999;-999;-999;-999;0.33;0.19;0.48;0.69;187.46;1.41;-999;Rv signal at ~70d, not much in act ind - worth fitting out? -> 70.6d, 28Me, rms 2.45
HD213845;2;Multiple system;22;34;41.636;-20;42;29.577;23.020;5.21;4.532;4.266;4.327;F7 V;6590;70;0.03;1.33;0.05;3.49;0.03;1.43;0.01;23.85;1.325;4.07;0.06;85;65;3.04;0.17;-999;-999;-999;-999;-999;-999;-999;-999;80;3.4e-06;27;-999;2.76;1.59;1.77;2.56;1008.9;30.11;vsin(i)~24km/s, mdl(hz) > 10mE;
HD214749;0;Unknown system ;22;40;43.384;-29;40;28.124;13.276;7.83;5.773;5.261;5.039;K4.5 V;4496;70;0.06;0.72;0.02;0.176;0.001;0.692;0.005;-999;-999;3.15;0.32;-999;-999;-999;-999;-999;-999;-999;-999;-999;-999;-999;-999;-999;-999;-999;-999;0.35;0.20;0.40;0.58;147.64;1.33;-999;
HD216803;3;Multiple system;22;56;24.053;-31;33;56.031;7.602;6.48;4.533;3.804;3.805;K4 V;4632;70;-0.16;0.73;0.02;0.188;0.001;0.673;0.003;2.71;1.65;-999;-999;400;50;12.58;7.66;-999;-999;-999;-999;-999;-999;-999;-999;-999;-999;-999;-999;0.19;0.11;0.41;0.59;151.14;0.74;PMS star <500Myr;Most of the 217 obs are on one night! But binning those, RMS is still high
HD217357;0;Unknown system ;23;0;16.122;-22;31;27.650;8.232;7.88;5.346;4.696;4.478;K7 V;4076;70;-0.22;0.63;0.02;0.094;0.0006;0.615;0.003;7.32;0.407;4.48;0.01;-999;-999;4.25;0.24;-999;-999;-999;-999;-999;-999;-999;-999;-999;-999;-999;-999;0.33;0.19;0.29;0.42;97.33;1;-999;
HD218511;0;Single system  ;23;9;40.951;-67;43;58.158;14.838;8.29;6.084;5.46;5.325;K6 V;4380;70;-0.1;0.7;0.02;0.156;0.002;0.687;0.006;1.5;1.5;4.34;0.18;1000;400;23.19;23.19;-999;-999;-999;-999;-999;-999;-999;-999;60;2.2e-05;8.7;-999;0.46;0.26;0.38;0.54;136.2;1.65;-999;
HD219482;3;Multiple system;23;16;57.687;-62;0;4.312;20.443;5.647;5.1;4.606;4.437;F6 V;6260;70;-0.1;1.11;0.05;1.9;0.01;1.174;0.009;8.78;0.44;-999;-999;430;200;6.77;0.34;-999;-999;-999;-999;66.3;19.8;6.2;2.32;83;2.65e-05;15.6;-999;1.63;0.94;1.31;1.89;701.61;13.98;PMS star <100Myr;
HD219571;3;Multiple system;23;17;25.756;-58;14;8.525;22.686;3.98;3.316;3.077;3.043;F4 V;6720;70;-0.21;1.6;0.2;11.2;0.2;2.47;0.04;-999;-999;-999;-999;-999;-999;-999;-999;-999;-999;-999;-999;-999;-999;-999;-999;-999;-999;-999;-999;1.89;1.09;3.19;4.59;2215.4;30.35;overluminous, too hot and massive;
HD219764;0;Unknown system ;23;19;5.399;-60;31;14.386;19.754;8.93;6.742;6.193;6.035;K5 V;4427;70;-999;0.7;0.02;0.1516;0.0008;0.662;0.004;-999;-999;4.43;0.07;-999;-999;-999;-999;-999;-999;-999;-999;-999;-999;-999;-999;-999;-999;-999;-999;0.59;0.34;0.37;0.53;131.78;2.13;;
HD220339;0;Unknown system ;23;23;4.895;-10;45;51.278;19.170;7.796;6.201;5.74;5.591;K2 V;4950;70;-0.32;0.8;0.02;0.293;0.002;0.735;0.005;1.93;1.39;4.46;0.03;-999;-999;19.28;13.89;-999;-999;-999;-999;-999;-999;-999;-999;-999;-999;-999;-999;0.35;0.20;0.51;0.74;201.77;1.58;-999;Hint of RV signal around 250d? Low RMS, 1.66 m/s. Some peaks in Halpha but otherwise quite good
HD221503;3;Multiple system;23;32;49.398;-16;50;44.321;14.549;8.59;6.236;5.607;5.473;K6 V;4242;70;0;0.67;0.02;0.1312;0.0007;0.671;0.003;5.9;2.4;-999;-999;85;65;5.76;2.34;-999;-999;-999;-999;-999;-999;-999;-999;-999;-999;-999;-999;0.49;0.28;0.34;0.50;121.45;1.66;PMS star <100Myr;Nothing at all in periodograms, yet scatter high RMS 15.84m/s
HD222237;0;Unknown system ;23;39;37.387;-72;43;19.755;11.445;7.09;5.249;4.745;4.581;K3 V;4760;70;-0.33;0.76;0.02;0.225;0.002;0.698;0.006;1.28;1.13;3.92;0.25;-999;-999;27.61;24.38;-999;-999;-999;-999;-999;-999;-999;-999;-999;-999;-999;-999;0.25;0.14;0.45;0.65;170.89;1.01;-999;"RV and activity peaks at 100d, 100d; high RMS"
HD222335;0;Unknown system ;23;39;51.306;-32;44;36.264;18.275;7.191;5.786;5.332;5.265;G9 V;5387;70;-0.19;0.88;0.02;0.425;0.002;0.748;0.004;0.6;0.77;4.46;0.04;-999;-999;63.13;81.02;-999;-999;-999;-999;-999;-999;-999;-999;-999;-999;-999;-999;0.33;0.19;0.62;0.89;255.42;1.73;-999;Weak 60d peak in RVs, some in act ind close to that but not significant
HD222368;1;Multiple system;23;39;57.041;5;37;34.654;13.654;4.13;3.299;2.988;2.946;F7 V;6240;70;-0.11;1.18;0.07;3.48;0.02;1.6;0.01;-999;-999;3.97;0.11;5000;2000;-999;-999;-999;-999;-999;-999;-999;-999;-999;-999;90;3.1e-06;17;-999;0.75;0.44;1.78;2.56;1074.8;7.86;;