Id,Coordinates,Spectral Type,Temperature,Vmag,Jmag,RV_Prec(415 +- 35),RV_Prec(500 +- 50),RV_Prec(600 +- 50),RV_Prec(700 +- 50),RV_Prec(800 +- 50),RV_Prec(900 +- 50),RV_Prec(1050 +- 100),RV_Prec(1287.5 +- 137.5),RV_Prec(1602.5 +- 177.5),RV_Prec(2180 +- 200),RV_Prec(370 - 890)
3288921720025503360,undefined,,6154.11,3.087921619415283,NaN,3.8103826333905775,5.34792543640553,11.506369920497555,14.230525438898773,15.343544572934103,11.259294980889774,12.640335537475423,11.76946194136484,13.26677374817111,22.13188671842191,2.5848524961649737
1014058103758571520,undefined,,7498.3286,3.1209731101989746,NaN,-1,-1,-1,-1,-1,-1,-1,-1,0.35355339059327373
425040000962559616,undefined,,5726.01,3.3200666904449463,NaN,0.9853436853873102,0.7406592310874676,1.3854056733617002,2.0729311365936356,2.358685397484953,2.5457744206752846,3.0188189403933707,3.711832793187338,3.069224795971962,7.317555835813652,0.48519767709058226
6427464123776727168,undefined,,5437.5474,3.364138126373291,NaN,0.9055649019267793,0.6457158854815465,1.1793654268210727,1.7737606986166448,2.046328383729361,2.251713780812501,2.56223375405934,3.312279547095753,2.675935173375212,5.893570483922066,0.4263020238947043
3683687763520080384,undefined,,6740.179,3.4332993030548096,NaN,14.265626883478745,22.526072579527654,49.2514091320026,59.38432084978564,63.595735877537045,43.33398839987422,47.58101166921627,40.96879574692017,50.62669025347497,73.32608060909227,10.013130180645588
5164707970261890560,undefined,,5002.0435,3.465751886367798,NaN,0.7851195778732736,0.5023759956988618,0.8682979576746219,1.3220907334159981,1.5747501005033415,1.8077582888466863,1.872908242430805,2.7090575109269555,2.0821695882684668,3.743720991157116,0.33490718559704363
3796442680948579328,undefined,,6000.8833,3.468564987182617,NaN,1.0768775782947164,0.8567293505265363,1.6379964017659925,2.425145759568692,2.7280947856685036,2.8734233069014254,3.5051577692682927,4.135347935635717,3.4990898775292423,8.747255575966783,0.5540546847139791
2964000159821218432,undefined,,6149.223,3.476823091506958,NaN,3.7232004438358017,5.204683591011161,11.191628812152608,13.854005612439785,14.941188435848568,10.991836666700546,12.348978915207724,11.525980125558611,12.955244027333785,21.70499837328902,2.522405963387408
2995725777563537792,undefined,,6887.405,3.6358559131622314,NaN,16.892081771834,26.84138338984741,58.73331509009461,70.72737547844406,75.71713645837558,51.39145059852898,56.358435460905746,48.303940787617904,60.0118497951157,86.1865396842998,11.875240422743035
1891598193816300544,undefined,,6316.102,3.6638712882995605,NaN,6.700257249792884,10.096039416173511,21.939261596989795,26.71122929151747,28.68065841757568,20.124878617506166,22.298089160227978,19.840283776045606,23.59321584718536,36.282182770145305,4.644520574219822
1193030490492925824,undefined,,6182.6055,3.6944260597229004,NaN,4.318731330435442,6.1831511383567275,13.341586874220479,16.425966551004898,17.689634056118358,12.81881173799631,14.339200409550248,13.189174665389146,15.083265493642864,24.621020509855335,2.948395559922894
5059348952161258624,undefined,,6080.855,3.8014392852783203,NaN,2.503541770727291,3.20076329513989,6.788473482639889,8.586580301338996,9.312319113101402,7.250156694429122,8.27296713882155,8.119725821682758,8.59701526649739,15.732929132436201,1.6432693108871583
436648129327098496,undefined,,5873.7397,3.902639150619507,NaN,1.0262006136233768,0.7892823522940262,1.490924599591211,2.226144617478886,2.518652089648891,2.6963710321900427,3.252648880917967,3.9164550949316053,3.2706393223588526,8.046818238771047,0.5150060670107772
5205029672996886016,undefined,,6786.9897,3.9097652435302734,NaN,15.100711663628527,23.89813131744511,52.26619358062213,62.990859961802144,67.44975110697655,45.895869084960886,50.37180508808006,43.30101474326994,53.61071405196085,77.41508045716134,10.605232027295605
1604859511344724864,undefined,,6135.789,3.917229175567627,NaN,3.4835430805292855,4.810922397839868,10.32642888387221,12.818980576906661,13.835141301490596,10.256613627449802,11.54806120218449,10.856666699419648,12.098871964774158,20.53151402122932,2.350557349557581
5210240327318434304,undefined,,6532.6333,3.9498889446258545,NaN,10.563091880679554,16.4427435286441,35.88468851603547,43.393923684589595,46.50809803822511,31.975317837315032,35.207405342597,30.62838160761639,37.3963538544591,55.19658594724378,7.387164883297008
348020482735930112,undefined,,6096.4243,3.9661331176757812,NaN,2.781292060032644,3.657111824605556,7.791194730471951,9.786119923620205,10.594169615480403,8.102241558580268,9.20118867740816,8.895424907999958,9.589505481891877,17.092935826088347,1.844757717289215
438829629114680704,undefined,,6281.219,3.983001232147217,NaN,6.077958023633808,9.073591023930403,19.69266571354446,24.023662050598816,25.80867373782218,18.21578339060553,20.218409795676177,18.102330802694038,21.36954258097523,33.23508922742551,4.201998525960932
4468557611984384512,undefined,,5204.636,3.9873640537261963,NaN,0.8411496600684271,0.5690564240964,1.0130037484678902,1.532203541647824,1.7941240793459363,2.014282393466839,2.1935762748286876,2.989670980433261,2.3583840017346573,4.743811652487552,0.37788446761493305
2756363608023588864,undefined,,6149.203,3.999257802963257,NaN,3.722843651572439,5.20409737515116,11.190340737225915,13.852464708709686,14.939541797268353,10.990742096149356,12.34778654106301,11.524983678594007,12.953969094979255,21.703251336885813,2.5221503319298018
4847957293278177024,undefined,,5427.3184,4.063914775848389,NaN,0.9027359141272594,0.6423491561994731,1.1720591566776843,1.763151994368445,2.0352520781919843,2.2412862720638573,2.5460430594215913,3.2981112280336946,2.661988964925513,5.843075389707082,0.42419380882721663
4900108950849461248,undefined,,5857.8096,4.07351016998291,NaN,1.0217948986419385,0.7840391873574385,1.4795462034614633,2.2096231862984923,2.501402441116194,2.6801317852336664,3.227434355094446,3.8943901091567987,3.24892023982639,7.968179867439136,0.511801643660713
4530744134231683840,undefined,,6313.346,4.078641414642334,NaN,6.651091275900312,10.015258870663596,21.76176487208723,26.49889275750455,28.453751621216377,19.9740467955488,22.133780003082503,19.702973384320195,23.417530168726632,36.041441153778116,4.609569372611043
6401464693867773568,undefined,,6092.6636,4.089133262634277,NaN,2.714202626789622,3.5468827253678614,7.548991561625451,9.496376090723885,10.28454393004198,7.896423984982673,8.976980605101604,8.708058003006611,9.349773576601732,16.764431836004185,1.7961876329540478
1460229442589223424,undefined,,5899.0034,4.093278884887695,NaN,1.033187679716908,0.7975975383888068,1.5089697083038427,2.252346115329627,2.5460084744572407,2.72212501134471,3.292636841825158,3.95144816974714,3.3050838258695237,8.171531594105787,0.5200833656216366
1534011998572555776,undefined,,5761.42,4.094672203063965,NaN,0.9951368673191704,0.7523139269402598,1.4106979820700165,2.1096555688381113,2.39702853748676,2.5818716036637936,3.074866696490999,3.760879638234505,3.1175027548343968,7.492356039758569,0.49236195590228043
5087043657197267200,undefined,,6483.9487,4.113062381744385,NaN,9.694577449413192,15.015759295722633,32.74921788715652,39.64300959757785,42.499801007008486,29.31088136443231,32.30489242824158,28.202800512916014,34.29287526901245,50.94389752337261,6.770906681075562
3263836568394170880,undefined,,5905.6396,4.1410932540893555,NaN,1.0350230232338866,0.7997817488552939,1.5137097483786845,2.259228653518297,2.5531943752107007,2.7288899965395244,3.3031407706310074,3.9606400554602743,3.314131614364382,8.204290959071034,0.5214161300198333
3526420114274019456,undefined,,6746.5283,4.209556579589844,NaN,14.378895939369917,22.71217559752694,49.660327838614975,59.87350385247362,64.11848599441801,43.68147623991551,47.959548727076786,41.285132782545,51.03143665341612,73.88070352084844,10.093444234311301
3399063235755057792,undefined,,5808.179,4.24168586730957,NaN,1.0080687903339076,0.7677039840817653,1.4440965435750202,2.1581502801433765,2.4476607567283453,2.6295380306437344,3.1488779087860874,3.825646128705008,3.181253929035147,7.7231801780319485,0.5018032760549145
6412595290592307840,undefined,,4560.303,4.322904109954834,NaN,0.9021394072903934,0.4916534076343875,0.8125683506782965,1.1038963947085545,1.407717342701743,1.6574376432336404,1.345566284661462,2.373572058684875,1.5814060210345255,2.5713509163641906,0.3186197507262647
5129338021224785408,undefined,,6255.476,4.330868244171143,NaN,5.618712861835412,8.319043279713599,18.034720071611872,22.04028781435278,23.68920288924562,16.806906905609857,18.68364541527145,16.819754092176296,19.728513400800114,30.986391320988655,3.875191820148822
1244571953471006720,undefined,,6319.2407,4.356020927429199,NaN,6.756250443645068,10.188037202164793,22.141405635615218,26.953051018406576,28.93907364316819,20.29665504696103,22.485214396633094,19.99666118043913,23.79329735624865,36.5563539280886,4.684323040778797
2135110401277424384,undefined,,6578.421,4.371612071990967,NaN,11.379926736557891,17.784817325321846,38.83358793215306,46.921645570809574,50.2778877042845,34.48121123870707,37.93720882395722,32.90963234172555,40.315164863009116,59.19622488328688,7.966632397617814
1384195086792268800,undefined,,5748.618,4.424264907836914,NaN,0.9915962766642233,0.748100331450075,1.4015538946347197,2.09637835388206,2.38316610093485,2.568821162076138,3.054603398734382,3.7431474238799773,3.1000485207379023,7.4291594226757445,0.48977327992037717
3837697972130323456,undefined,,6353.532,4.465012550354004,NaN,7.367993970692305,11.193142398189392,24.349893822353433,29.59503062246913,31.76234252052482,22.17336740410399,24.5296173721127,21.70513427034226,25.979251748749057,39.551761398818385,5.119047771589222
1237090738916392704,undefined,,5386.0786,4.480482578277588,NaN,0.8913304110424378,0.6287756649249747,1.1426027954049016,1.7203813578003646,1.9905962345024457,2.199246153255342,2.4807677628411047,3.240989452253514,2.6057626625280252,5.639496585678625,0.41567856873685355
5989102478619519616,undefined,,6596.695,4.520535469055176,NaN,11.70592782760025,18.320442756616462,40.01050199270057,48.32956930903582,51.782421375064374,35.48132035135166,39.026681080007975,33.820085933303844,41.48007055537281,60.792492044931805,8.197872443767313
188771135583573504,undefined,,5761.5337,4.525884628295898,NaN,0.9951683128087396,0.752351349671648,1.4107791945947308,2.1097734894239966,2.3971516556742274,2.581987510179066,3.0750466634457663,3.761037125562431,3.1176577733015707,7.492917315759373,0.4923849396623821
4763906879239461632,undefined,,6038.381,4.550013065338135,NaN,1.7458220410056426,1.955816673228553,4.052988760756568,5.314163049646834,5.815352760211779,4.925617214815083,5.740722167632946,6.003571402907606,5.889441425113105,12.022747922864816,1.08437864731165
853819947756949120,undefined,,6066.204,4.673892021179199,NaN,2.2421735981946367,2.771330866886768,5.844894195068368,7.457791273827055,8.106074021134877,6.448329037137002,7.399493459090785,7.389778597746351,7.663063570162659,14.453137615239076,1.4524396777716682
5381537023379295232,undefined,,5538.9297,4.701675891876221,NaN,0.9336037414797421,0.6790844218090395,1.2517797851706671,1.8789063469402558,2.156108550987346,2.3550635530490425,2.722703972162041,3.4527054708072864,2.8141597005929184,6.394040597347785,0.4471186751737925
4117290138348536064,undefined,,6274.9985,4.7305097579956055,NaN,5.966986709918738,8.891263236069594,19.292042209460163,23.544402467932887,25.29652797339802,17.875344584914043,19.847551627307766,17.79241088552137,20.973006745397413,32.6917172301062,4.123049961479647
3407611182744289152,undefined,,5655.869,4.732456684112549,NaN,0.965945109451625,0.7175733225359084,1.335306045428629,2.0001864768348168,2.2827343615384166,2.4742722316892056,2.907798164893685,3.6146795946995267,2.973594626173316,6.971307287242611,0.4709676188734851
5808612830236138368,undefined,,5957.2573,4.743967533111572,NaN,1.0492986947109884,0.8167709777206053,1.5505787346315303,2.3127624215574287,2.6090877583700145,2.781509413719586,3.3848424441673135,4.0321363936017915,3.3845071353238136,8.4590998968617,0.5317698307689421
2416611663182821120,undefined,,6115.5513,4.763619422912598,NaN,3.122510341107808,4.217739362329789,9.0230451866443,11.25976320593688,12.16893242170827,9.14903410523421,10.341515690732225,9.848376962619582,10.808787039177728,18.763714090331757,2.0910288789003695
1872046609345556480,undefined,,4353.7437,4.7667131423950195,NaN,1.3299683599558965,0.4976922061900063,0.7485045448280312,0.9317700862118702,1.240949024308938,1.5785016403698129,1.272015202960402,2.2736269304511265,1.4294323641936924,2.163944180080768,0.31459000315368657
5663558453071724288,undefined,,6030.947,4.772147178649902,NaN,1.6132023567105214,1.7379202380614085,3.574211310493313,4.741409133154848,5.2032971999306055,4.5187653409286686,5.2975166980323225,5.633192066156296,5.41554906892222,11.373374491778623,0.9839041643784703
6062166950467100032,undefined,,6210.112,4.788322448730469,NaN,4.809436650056603,6.989388466030253,15.11310852281694,18.545209973655776,19.954297261508984,14.324201981345317,15.979102380167605,14.559613087012742,16.83671183418153,27.023763351148332,3.2986134462208683
348515297330773120,undefined,,5777.9346,4.800437927246094,NaN,0.9997042347953604,0.7577494717053125,1.422493869146954,2.1267831968738244,2.414911102295397,2.5987066936999987,3.101006382253493,3.783754222454102,3.1400187440868543,7.573879774524697,0.4956989355573386
1264630412816366720,undefined,,6456.2046,4.8022990226745605,NaN,9.199633437703186,14.202557723632161,30.962393908430613,37.50546023861298,40.21557573528447,27.792487622934903,30.650825052784715,26.820524301352695,32.52428273210162,48.520399889609116,6.419643172387024
6612242034982766848,undefined,,6281.1714,4.804226875305176,NaN,6.077108858046986,9.072195830183574,19.689600095218864,24.019994699721096,25.804754738001183,18.213178312693646,20.215571945211696,18.099959258918236,21.366508241971378,33.2309312807858,4.2013944479706
4934923028038871296,undefined,,5980.5386,4.8279194831848145,NaN,1.055737497492977,0.8244336851636328,1.5672078740478228,2.3369079319898862,2.6342975337251144,2.8052425214945185,3.4216926171138176,4.064383620757867,3.4162488366416337,8.57402720519558,0.5364324585343684
4109030160308317312,undefined,,4997.0127,4.8285908699035645,NaN,0.7853532884626719,0.5016351271923124,0.866469636291091,1.3185033652039404,1.571417543451712,1.8046680067130332,1.866112959607247,2.70396697605219,2.076000225129705,3.7257367832382084,0.33440335451606484
4109030160308320128,undefined,,4991.236,4.831335067749023,NaN,0.786898109593579,0.5015030911982178,0.8657566419229799,1.3156645913309057,1.56925215314856,1.8027204758001374,1.859227282515212,2.699596584647658,2.069457841622316,3.710466820521164,0.3342756719637698
3400292798990117888,undefined,,6065.778,4.850188255310059,NaN,2.2345739229848376,2.7588444690684892,5.817458199129184,7.424970024375174,8.071000619375466,6.425014684396164,7.37409588980781,7.368554277399854,7.63590751101051,14.415925739850001,1.4468681432193429
777254360337133312,undefined,,5763.587,4.866588115692139,NaN,0.9957361846093805,0.7530271640459645,1.412245805650105,2.1119030086764,2.3993750380341736,2.5840806574772954,3.0782966735444752,3.763881177721012,3.120457240484069,7.503053358085274,0.4927999794903889
5264749303462961280,undefined,,5495.937,4.900140285491943,NaN,0.9217134468499235,0.6649339885305775,1.2210713796184494,1.8343177420784356,2.109554608170184,2.311236516644917,2.654654145458326,3.3931557307604256,2.7555434960748446,6.1818086648952955,0.43830798492414896
3331979901042416512,undefined,,6455.563,4.916410446166992,NaN,9.188187541894237,14.183751918842917,30.921072464781318,37.4560280469502,40.162751569629854,27.757373799651948,30.6125736902214,26.78855828272751,32.48338290216726,48.46435496179302,6.41151924862398
5593584059914156800,undefined,,6421.102,4.940165996551514,NaN,8.573416632492288,13.17367268124609,28.701654962289826,34.800973874737394,37.32551096391972,25.871374011381917,28.55805342012363,25.071630340329524,30.286610708638367,45.45412388718167,5.975119816860938
5945941905576552064,undefined,,5590.9136,4.942751884460449,NaN,0.9479806912178848,0.6961941801750934,1.2889103371803328,1.9328199084582904,2.2123984678339994,2.408056276877237,2.80498527541546,3.52470903726443,2.885034498268968,6.6506572683969845,0.4577406143847872
4590758227641991424,undefined,,5925.4526,4.947728157043457,NaN,1.0405026141295641,0.8063029148799017,1.5278615843695869,2.2797771193770875,2.5746485585729086,2.7490874968657404,3.3345012391868476,3.9880832958138313,3.3411446389038164,8.30209712797136,0.5253929683265348
4315804351350378496,undefined,,5465.647,4.971371650695801,NaN,0.9133362799276968,0.654964467565283,1.1994361344680706,1.802903366120086,2.07675557652221,2.280358694766296,2.6067104422050877,3.3512006633648115,2.714246140131802,6.032283158612,0.4320857181251176
4303294039306246656,undefined,,6019.515,4.976175308227539,NaN,1.4092598989674816,1.4028392524775124,2.837947682377993,3.860628561008482,4.262078587456289,3.8931088138545134,4.615955636897791,5.063622981176366,4.686797735054322,10.374768483683788,0.8262777194080352
683184784030475520,undefined,,6195.425,4.988862037658691,NaN,4.54742625144988,6.558900849229103,14.16721070037731,17.413647319429582,18.745088220097994,13.520404097061007,15.103482426976301,13.827872258540006,15.90046525960858,25.740827168425362,3.1116873719149853
96331172942614528,undefined,,5092.744,4.999680042266846,NaN,0.8102042007993023,0.532228770090169,0.9330826243224237,1.4161580693886064,1.6729636551414089,1.900218965086429,2.0164710637223333,2.8346879364903725,2.205830559965791,4.191460779293403,0.35426511474974093
2473608009504466688,undefined,,6112.7383,5.029543399810791,NaN,3.072327509264631,4.135288101618841,8.841877448200588,11.043035096293083,11.937332705395255,8.995082757205894,10.17380826727425,9.708226697045001,10.62946780350851,18.517993420215337,2.0548789522420137
3732539683617410816,undefined,,5930.7803,5.039839744567871,NaN,1.0419760717793347,0.8080564512564883,1.5316670018534988,2.2853025855637275,2.5804175714785194,2.7545185886987795,3.342934044331196,3.9954627613986333,3.3484084197971073,8.32839712928617,0.5264617664675115
4722135642226902656,undefined,,5765.0996,5.07960844039917,NaN,0.9961545174811717,0.7535250147363605,1.4133262107941935,2.1134717569456165,2.4010129322326126,2.5856226116989394,3.080690851343776,3.7659762993764287,3.1225195178231053,7.5105202541170994,0.49310569906987806
952326504452337792,undefined,,5975.6455,5.105545520782471,NaN,1.0543842351797663,0.8228231911710516,1.5637128784042003,2.3318331983153464,2.6289991203293828,2.8002544637119406,3.4139477067675505,4.057606125205754,3.4095775889570867,8.549872591303378,0.535452865250675
4025850731201819392,undefined,,5394.317,5.110995292663574,NaN,0.8936088676938764,0.6314872166423893,1.148487239236096,1.728925570243259,1.9995170513505367,2.2076444314912225,2.4938076903710322,3.2524005657309663,2.616994888913009,5.6801651538847775,0.4173816827582499
2043885295914531072,undefined,,5844.264,5.174064636230469,NaN,1.018048653932077,0.7795808465457024,1.4698709846859943,2.195574768636511,2.4867348094525825,2.666323312997317,3.2059940702880065,3.875627924907409,3.230452182227775,7.9013124954381135,0.509075067313294
5588607120530408832,undefined,,5714.2935,5.194013595581055,NaN,0.9821033065083313,0.7368029124215753,1.377036926256899,2.060779715797465,2.345998376874074,2.5338305448073126,3.000273796809131,3.6956041188017075,3.053250531498318,7.259717750822952,0.48282431276382864
798068905726303232,undefined,,5455.0293,5.200430870056152,NaN,0.9103997911449263,0.6514698032287627,1.1918522274877743,1.7918915331846959,2.065258373540081,2.2695349427240177,2.589904504336751,3.3364939509486207,2.6997699784878124,5.979869260689776,0.42990160382792203
746545172372256384,undefined,,5759.9775,5.204957485198975,NaN,0.9947379216841319,0.7518391486638504,1.4096676472687808,2.108159522706717,2.395466549928087,2.58040110983547,3.072583474571462,3.758881612987949,3.115536051765798,7.485235189880269,0.4920703521202494
1333760419707327744,undefined,,5630.0605,5.209874629974365,NaN,0.9588073705109752,0.7090788233007548,1.3168718022967851,1.9734199558073797,2.2547880489505414,2.447962879891438,2.8669478821135193,3.578931910418255,2.9384073428832527,6.843904546109813,0.46571801830031684
6018047019138644480,undefined,,5723.8506,5.215096950531006,NaN,0.9847464699943799,0.7399484954132364,1.3838632782353304,2.070691578870147,2.3563471264733757,2.5435731143509295,3.0154009927933347,3.7088417805582816,3.0662806721547478,7.306896034616285,0.48476036365114056
6508776375901968640,undefined,,5780.66,5.230531692504883,NaN,1.0004579862225589,0.758646498197185,1.42444054122133,2.1296097647258185,2.4178622571601514,2.6014849840845478,3.1053202075703097,3.7875292089407315,3.1437345517424236,7.587333614565125,0.4962493775784796
1323427759184545536,undefined,,5708.916,5.232800006866455,NaN,0.9806160759000688,0.7350329850861225,1.3731959381157255,2.0552026010164806,2.3401754388520546,2.528348686532229,2.9917621670882903,3.6881556745983435,3.0459188533344457,7.23317191358167,0.4817345326611943
3256786534197166208,undefined,,6158.534,5.247616767883301,NaN,3.8893050820483124,5.477596384640588,11.791292094288861,14.571373344005101,15.707781026886732,11.501413986818404,12.904088698292359,11.98987600994,13.548788785000328,22.518331170819707,2.641354900518015
4745373133284418816,undefined,,6006.4995,5.256284236907959,NaN,1.1770684137720062,1.0213446261770034,1.9997007219392737,2.8578469360284586,3.19048736539015,3.1807896633879205,3.8399883528532706,4.41516020777218,3.857103632013898,9.237840868361973,0.639130940941624
2835207319109249920,undefined,,5662.524,5.283212184906006,NaN,0.9677856523987174,0.7197637207539355,1.3400595137837226,2.007088512886413,2.2899406195647387,2.481056381725595,2.9183318507685727,3.6238975205337236,2.982668046569519,7.004159457738334,0.4723200688991971
5951165616611763456,undefined,,5182.5312,5.301429271697998,NaN,0.8350362365166795,0.5617809448282044,0.9972149479726743,1.5092782033287704,1.7701882577951888,1.9917486174000667,2.158588292931289,2.9590533385129385,2.328246339349389,4.634692094505016,0.3732391265035657
4345775217221821312,undefined,,5678.4277,5.327651023864746,NaN,0.9721840660527621,0.7249981965075094,1.3514190531794994,2.0235825640890805,2.307161681288736,2.4972687163512473,2.943504590069613,3.645925939330014,3.004351135368177,7.082667506410425,0.47555008447671077
4722111590409480064,undefined,,5630.648,5.344615936279297,NaN,0.9589698527020222,0.7092721905363809,1.3172914360546546,1.974029264023806,2.2554242137274714,2.448561781190669,2.867877790520957,3.5797456642015146,2.939208339800274,6.846804718937198,0.4658376036312128
3575733210781078016,undefined,,5510.1235,5.355077266693115,NaN,0.9256369423448778,0.6696032724253992,1.2312043741818646,1.8490308501845143,2.124916227928321,2.325698326485823,2.6771088614108542,3.4128056338178,2.7748853560974913,6.2518398169219696,0.44121796626201004
6232511606838403968,undefined,,4503.0303,5.364036560058594,NaN,0.9174554315229314,0.4903443457341706,0.8054994164171251,1.0757515638538906,1.3862487275381856,1.638128980205441,1.2772987065651498,2.3302421097876946,1.516542003878777,2.4199579076041036,0.3154688893123024
4912580642524184960,undefined,,6011.649,5.383109092712402,NaN,1.2689335017835435,1.1722805547340758,2.3313478136975174,3.2545911239455503,3.6144556338416023,3.46261421606188,4.146994885770751,4.671720389989154,4.1853668400049004,9.687659066287523,0.7145099525227768
974887555341533440,undefined,,5777.554,5.388160228729248,NaN,0.9995989739921054,0.757624202650199,1.422222017898878,2.126388468861618,2.4144989758033137,2.598318707598745,3.1004039598877564,3.7832270485138326,3.139499834424527,7.572000956178994,0.49562206095233674
5559265690666326016,undefined,,5690.858,5.391417026519775,NaN,0.975621857336795,0.7290894522504906,1.3602976463717327,2.0364742814042036,2.3206216285681616,2.509940244555203,2.9631795525836027,3.6631433072483928,3.0212985940535124,7.14402923968059,0.4780727344942342
5291028181119851776,undefined,,5886.4585,5.442085266113281,NaN,1.0297181940344171,0.7934685636922891,1.5000092597436914,2.239335544020287,2.5324244344400513,2.7093366591596624,3.272780487815863,3.934072067899295,3.287980121657907,8.10960414201687,0.5175628936182407
1872046574983497216,undefined,,3889.6328,5.450644493103027,NaN,2.636412214727839,0.5212287486129467,0.5688312209796695,0.47960327121341056,0.7834781997503791,1.3925298051688333,1.2667111934003028,2.1012466197479016,1.1639003855912244,1.3769617616010437,0.2538137885679497
2552925644460225152,undefined,,4859.2896,5.467689037322998,NaN,0.8221835817259592,0.4984872388792109,0.849471039400343,1.2508237664722588,1.5197921751168477,1.7582366540947865,1.701950584079005,2.599771872888531,1.9200223592155272,3.3616834998280227,0.3308076147097256
6847167606385195648,undefined,,4978.235,5.481349945068359,NaN,0.7903748730611164,0.5012059319274881,0.8641519818610396,1.3092756670102175,1.564378741108593,1.7983373765568742,1.8437304265466583,2.689760612786505,2.0547335997576597,3.676100350861275,0.3339810124391353
5902750168276592256,undefined,,5620.91,5.482170104980469,NaN,0.9562766585294027,0.706067066892933,1.3103358725923109,1.9639297858764826,2.244879579518558,2.438634801017212,2.8524642618884037,3.5662574355353382,2.9259315602633515,6.798733428736249,0.46385492465086947
4911306239828325632,undefined,,5044.24,5.508301734924316,NaN,0.796789671106477,0.5162643711168893,0.8984376612727715,1.3658535830405114,1.6204418911581364,1.8507736738219656,1.9396978256043045,2.767504424144487,2.139700254496615,3.952022510664648,0.3439387868189293
4623036865373793408,undefined,,5855.533,5.511580467224121,NaN,1.0211652697804285,0.7832898769767986,1.4779200958645886,2.20726207806783,2.4989372619993313,2.677811004471407,3.223830900659771,3.8912367613049392,3.2458163256454755,7.956941512615614,0.5113435066417384
2029433521248546304,undefined,,5435.3867,5.552786827087402,NaN,0.9049673269987879,0.645004721930879,1.177822103143409,1.7715197926366772,2.043988705034023,2.2495111492597393,2.558813748789637,3.3092867338200276,2.6729892771392882,5.882904265320998,0.4258568256847824
4358031335898505472,undefined,,5106.7,5.55355167388916,NaN,0.8140639479622801,0.5368221882014813,0.9430509795987091,1.430632121249773,1.688075681740258,1.9144458017367436,2.038560939014582,2.854018571042145,2.2248581565171643,4.260354076278868,0.35722597022364405
3381727613874753536,undefined,,5819.5,5.602783679962158,NaN,1.011199787584701,0.7714301295703128,1.4521827968053744,2.169891519833851,2.459919516625563,2.641078731254096,3.166797045944552,3.8413269909693106,3.1966889692012472,7.779065891357572,0.5040859799863191
4911306239828325760,undefined,,4902.265,5.625487327575684,NaN,0.8106909811011759,0.4994695124368847,0.8547753166117814,1.271942647962245,1.5359014614626976,1.7727251890704747,1.7531761501116927,2.6322851276475334,1.9686940139982632,3.4752834367729957,0.3320548417566996
4975284381908412672,undefined,,5693.858,5.645046710968018,NaN,0.976451553631502,0.7300768594111339,1.362440457050212,2.0395856425093553,2.3238701295567368,2.5129984639555287,2.9679280210471126,3.6672986457161003,3.0253887910765935,7.158838632841694,0.4786813153280986
1821708351374312064,undefined,,5852.927,5.6452460289001465,NaN,1.0204445402657596,0.7824321492899197,1.4760587076552159,2.204559342387821,2.4961153974739223,2.6751544312189903,3.2197060643878013,3.8876271572893235,3.242263307831425,7.944077086422997,0.5108190242392294
2802397960855105920,undefined,,5110.9243,5.6543192863464355,NaN,0.8152322433148573,0.5382125562243829,0.9460682713150755,1.435013228821937,1.6926498959822693,1.918752080474342,2.0452472574580502,2.859869703138523,2.230617562945365,4.281207182789021,0.3581213056434296
4423865487962417024,undefined,,5579.6113,5.7004475593566895,NaN,0.9448548657406618,0.692474189524514,1.2808374408032073,1.9210980629187042,2.200159956926277,2.3965346391678035,2.78709573704375,3.509054076609908,2.869624953664311,6.594863866955396,0.45543402850049497
1265976524286377856,undefined,,5872.434,5.729347229003906,NaN,1.0258395021393771,0.7888525997841422,1.4899919769569143,2.224790449413887,2.517238233735297,2.6950399931663744,3.2505821891603652,3.9146465531191765,3.2688591322745073,8.040372697220896,0.5147435042422112
704967037090946688,undefined,,5184.4775,5.732680797576904,NaN,0.8355745158161421,0.5624215416804575,0.9986051321138487,1.5112967507017556,1.7722957769532093,1.9937326882063509,2.1616689409881316,2.9617491835995042,2.330899922838063,4.6442999351415,0.37364853490727173
6270906415441316224,undefined,,6044.928,5.732926368713379,NaN,1.862617988420235,2.147714435004066,4.474640088019583,5.81857788570719,6.354379899458549,5.283924884755102,6.131045843914223,6.329758316777744,6.3067905313791055,12.594640289467037,1.1719347881576125
3478127463341507072,undefined,,5225.1025,5.73832368850708,NaN,0.8468099864736349,0.5757926803141681,1.0276223600515884,1.5534297656673535,1.8162858945068225,2.035146075919093,2.2259711180981623,3.0180193920163685,2.38628800752562,4.8448438008648065,0.38217698500567776
5726982995343100928,undefined,,5361.131,5.755219459533691,NaN,0.8844307672818259,0.6205645186313539,1.124783467510759,1.6945076936980696,1.9635821334149257,2.1738144084848217,2.441280132227685,3.206434211601193,2.571749129443686,5.516343646736628,0.4105147963253345
53112944270520832,undefined,,5750.9917,5.7566819190979,NaN,0.9922527600291386,0.7488816009091477,1.4032493578705547,2.0988401665004925,2.3857364232003757,2.571240927206321,3.058360545264992,3.7464352661869085,3.1032848209624633,7.440877108191247,0.49025338744976593
1236929488664453376,undefined,,4996.135,5.766141414642334,NaN,0.785588005430248,0.5016150659130324,0.8663613053829788,1.31807204769942,1.5710885384715196,1.804372102843653,1.8650667638927942,2.7033029477080217,2.0750061887413804,3.723416696289475,0.3343840830017879
1521686782461765888,undefined,,5841.451,5.803025245666504,NaN,1.0172706753730731,0.7786549877647392,1.4678617425398068,2.192657349040247,2.4836887983589624,2.6634557226062787,3.201541589692055,3.8717316025375226,3.2266169408191323,7.887426221117384,0.5085086315817243
4038724053986441856,undefined,,5773.3975,5.805398464202881,NaN,0.9984494297757887,0.7562561500291278,1.4192531537038449,2.12207767805043,2.409998177683643,2.5940815446195935,3.0938249568315634,3.7774698270668248,3.133832866449048,7.5514825419542815,0.49478242717237697
3023711269067191296,undefined,,5647.247,5.805881023406982,NaN,0.963560562300637,0.71473551435622,1.3291476075386806,1.991244425018611,2.2733981696972543,2.4654829091326707,2.8941510665295587,3.6027371519433378,2.961839399928982,6.928745091297597,0.4692146921345064
714116137767540096,undefined,,5877.378,5.809061527252197,NaN,1.0272068416330544,0.7904798467848823,1.493523328955048,2.2299179725151768,2.5225917633644674,2.7000799387381105,3.258407665188229,3.9214945509139576,3.2755997769685443,8.064778577150395,0.5157376113569886
5160075762132996992,undefined,,5002.332,5.812265396118164,NaN,0.7851993670002814,0.5024709513541439,0.8685040246348694,1.3223899426422776,1.5750624980150767,1.8080523876123515,1.8733648868147135,2.7094571159762673,2.0825629288821874,3.7451451611327786,0.3349690954009213
1772187382746856320,undefined,,5851.937,5.819591999053955,NaN,1.0201707404885063,0.7821063049269074,1.475351580131318,2.203532593223121,2.495043392147693,2.6741452188168826,3.218139069794843,3.8862558955949806,3.2409135428138085,7.939189986679834,0.5106197610782217
6009538585839374336,undefined,,5540.079,5.833835601806641,NaN,0.9339215981302447,0.6794626974922819,1.2526006959415925,1.8800983093796395,2.1573530517160693,2.3562351569013065,2.724523110430412,3.4542973809742645,2.8157266550724604,6.399714075867804,0.44735387795420767
5760701787150565888,undefined,,5656.338,5.846634864807129,NaN,0.966074818639031,0.717727687188689,1.3356410381646981,2.000672886287589,2.2832422105262973,2.474750333322123,2.908540508796814,3.6153292126133114,2.9742340603079245,6.973622489040131,0.4710629467032725
2964001014514075520,undefined,,4794.6724,5.868165969848633,NaN,0.8394636925124028,0.497010306333361,0.8414956036527537,1.2190697167364861,1.4955704813649096,1.7364518990435007,1.624928551812933,2.5508854056208996,1.846840351568665,3.1908762509004824,0.3287102141321339
2860924621205256704,undefined,,5405.125,5.878326892852783,NaN,0.8965979868782747,0.6350445155064666,1.1562070718404307,1.7401347671847527,2.011220317578708,2.218662176584129,2.5109148394222376,3.2673708651172917,2.6317305053881626,5.7335184609798535,0.4196144481256913
3211461469444773376,undefined,,4626.91,5.886491775512695,NaN,0.8843271786708825,0.49317582033690976,0.8207893792719169,1.1366282678127841,1.4326849110231088,1.6798932305958445,1.4249601070980003,2.4239639191383633,1.6568415704445056,2.7474179454108953,0.3219187644042854
4109034455276324608,undefined,,4381.2256,5.889863014221191,NaN,1.2526084889154692,0.4962985114820971,0.7591437354151693,0.9585447282060705,1.268037738349991,1.5895137915125888,1.2723292750072548,2.283834271973842,1.4451555960392601,2.2105446200325503,0.31573186476900283
4937000898856156288,undefined,,5152.9077,5.893561840057373,NaN,0.8268434004545934,0.5520307928204327,0.9760557639280306,1.4785550680959478,1.7381109347835093,1.9615502299315515,2.111699541088359,2.918021448813566,2.2878576888449733,4.488456741735675,0.3669981746917611
6863535898551993472,undefined,,4769.5723,5.908112049102783,NaN,0.8461760308488029,0.49643660220204483,0.8383976013436459,1.2067350779131867,1.486161733611323,1.727989763106586,1.5950098813647913,2.5318957988743325,1.8184133118619452,3.1245273681137595,0.3278212098825659
6427244702486210816,undefined,,5631.3403,5.91546106338501,NaN,0.9591613189502974,0.7095000511954853,1.3177859253322248,1.974747262454838,2.2561738594722676,2.449267516287617,2.8689735787600528,3.580704577808579,2.9401522209332995,6.850222233232341,0.4659785158588871
1191518146611956096,undefined,,5686.782,5.926571369171143,NaN,0.9744945766377194,0.7277478950548967,1.3573862809299058,2.0322469787826702,2.3162079985583515,2.5057851437966274,2.9567279667645137,3.657497587383602,3.0157413796981527,7.1239082108390335,0.4772457206954096
823773494718931968,undefined,,3978.864,5.9611735343933105,NaN,2.385231833284683,0.5167035501652268,0.6033756936369116,0.5665380695611559,0.8714327611285965,1.428285246424761,1.2677309564307748,2.134388918238244,1.2149522723042334,1.5282691012473397,0.2717823668166965
263916708025623680,undefined,,5176.9434,5.990947723388672,NaN,0.8334908441981578,0.5599418002507902,0.9932237488029386,1.5034829821343143,1.76413759985387,1.98605237794502,2.149743795571155,2.9513136050829876,2.320627938374198,4.607108118803139,0.3720632944174927
2061876742143320064,undefined,,5680.336,6.013729095458984,NaN,0.9727118358658253,0.7256262862023947,1.35278209505208,2.0255617008880673,2.309228052767568,2.499214049711795,2.946525090859252,3.6485691501293225,3.006952909694559,7.0920877614002045,0.47593747074704046
6604147121141267712,undefined,,4463.109,6.091864585876465,NaN,1.0221117159721194,0.4921459433828893,0.7908436214682765,1.0383208252105691,1.3487496253486775,1.622324928183794,1.2732650650014425,2.3142474467849414,1.4920035826232803,2.3493924604201455,0.3166090944224703
3654496279558010624,undefined,,5583.929,6.0929670333862305,NaN,0.9460489923045476,0.693895298823684,1.2839214453586976,1.925576037533276,2.2048353078324006,2.4009361304693995,2.7939298911387165,3.515034578243915,2.8755117015598306,6.6161780392392995,0.4563153718428353
3724242219117947904,undefined,,5303.8096,6.107363700866699,NaN,0.8685776495526835,0.6016979983586555,1.0838404981689655,1.6350585022137853,1.9015125918927664,2.1153806026402138,2.3505505121662704,3.1270376054535864,2.49359718956407,5.233378597021623,0.3986123190039907
3957887649746830976,undefined,,5539.851,6.114501476287842,NaN,0.9338585412118469,0.679387654548073,1.2524378423300282,1.879861845935648,2.157106165640937,2.356002732226882,2.724162226827185,3.4539815752507192,2.815415800098706,6.398588561987559,0.447307219381977
4610177733290768896,undefined,,4914.261,6.129807472229004,NaN,0.8074829775201761,0.49974370077714114,0.856255933649166,1.2778376972777576,1.5403981502429027,1.7767694670892564,1.7674750720560637,2.6413607617100197,1.9822800462579675,3.5069933183236475,0.3323824404157502
5117974602912370432,undefined,,5357.897,6.147863864898682,NaN,0.8835363546761315,0.6195000937121804,1.1224735175993583,1.6911536464267156,1.960080249349242,2.1705176479712702,2.436161283224021,3.201954756733004,2.5673398970528036,5.500379120908954,0.4098446936959649
2046207670631964928,undefined,,5305.309,6.1613078117370605,NaN,0.8689923317607782,0.6021915044575452,1.0849114749460698,1.6366135604941408,1.9031361926868569,2.116909100696497,2.3529237967043337,3.129114443619747,2.4956414700362073,5.240780331723548,0.39892435649025465
5640565607657897728,undefined,,5207.114,6.168385028839111,NaN,0.8418349892078548,0.5698720224110909,1.0147737100883134,1.5347735259206785,1.796807341162498,2.016808482691507,2.197498509779545,2.993103290007586,2.3617625044757213,4.7560442112386205,0.3784046194401702
2913411183149615744,undefined,,5525.084,6.193913459777832,NaN,0.9297744994838666,0.674527307367667,1.2418902139003274,1.8645466894557226,2.141115960941511,2.340949156932013,2.700788682226968,3.433527614199843,2.795282486952093,6.3256917923842115,0.4442838410796779
4034171629042489088,undefined,,5043.2183,6.1985015869140625,NaN,0.7965071042050432,0.5159280931515464,0.8977078913827046,1.3647939571601342,1.619335560004795,1.8497321462348622,1.9380806555279162,2.7660892543736697,2.138307269730455,3.9469789250004177,0.34372064951390263
3101923001490347392,undefined,,4572.622,6.231057167053223,NaN,0.8988450261538198,0.49193497867170144,0.8140888342797921,1.1099501720108051,1.4123351077136925,1.6615908160340218,1.3602502142573867,2.3828920600199677,1.5953578659334335,2.603914606829554,0.3192584043048174
3330062833797919744,undefined,,5636.9355,6.271036148071289,NaN,0.9607087578530125,0.711341631377229,1.3217824101016336,1.9805501583400191,2.2622325303826916,2.4549712993505173,2.877829789009063,3.5884545610734166,2.947780711061147,6.877842738770679,0.46711717324846097
5528866839863569024,undefined,,4851.4077,6.284585952758789,NaN,0.8242913812779,0.49830708507135274,0.8484982088379087,1.2469504596033076,1.5168376526679732,1.755579385428878,1.6925555629992002,2.593808781848425,1.9110957380361535,3.340848711949222,0.33056622358915166
3936909723803146368,undefined,,4876.54,6.29768180847168,NaN,0.81757043192822,0.49888152518671,0.8516001854608379,1.2593009220834888,1.5262584705598323,1.7640523771303975,1.7225126150150818,2.612822749666751,1.9395592457521063,3.4072827112902906,0.3313221797308974
3812355328621651328,undefined,,5365.5444,6.29839563369751,NaN,0.8856513611575125,0.622017126218948,1.1279358277268923,1.6990849207318948,1.9683611115025834,2.1783134569852867,2.448265762466636,3.212547268532318,2.5777663546242406,5.538130238662367,0.411429010413848
3480332916165099904,undefined,,5481.9854,6.3046650886535645,NaN,0.9178549165748446,0.6603420186164342,1.2111061671311587,1.8198482535468898,2.0944473460394515,2.297014165383056,2.6325712345864902,3.3738311907050718,2.7365218984791047,6.112937088353134,0.4354435574518038
5866992641380992256,undefined,,4778.8843,6.3545050621032715,NaN,0.8436857899896606,0.4966494433011168,0.8395469432786345,1.2113111615432346,1.4896523276361036,1.7311291693178978,1.606109544681395,2.538940839253615,1.8289595883209622,3.1491424412214344,0.3281559822993817
6029992663310612096,undefined,,5421.711,6.380115509033203,NaN,0.901185101126279,0.6405035605619429,1.1680539578115163,1.7573364456147689,2.0291801967108736,2.2355700522420623,2.537167538734163,3.2903443463924216,2.654343841329771,5.815394659303221,0.42303746883100946
4418203587193988480,undefined,,5260.9116,6.388939380645752,NaN,0.8567135456692344,0.587578734232898,1.0531997340071655,1.5905681126508515,1.8550611934234775,2.0716501040284925,2.2826505787837217,3.067619035591024,2.435110098932026,5.0216141477465905,0.3896683523865651
1385293808145621504,undefined,,5177.202,6.39523983001709,NaN,0.8335623640187616,0.5600269147480377,0.9934084590834236,1.5037511814615785,1.764417620639085,1.9863159964573283,2.1501531135527094,2.9516717952589038,2.320980513357588,4.608384688493627,0.37211772521988246
4634528720388462592,undefined,,5367.1675,6.40867280960083,NaN,0.8861002545094923,0.622551346406428,1.129095159730972,1.7007682708018186,1.9701186588207682,2.179968055621509,2.4508348421876764,3.2147954451546292,2.5799792875536283,5.546142614008962,0.4117651504675919
1237090738916392832,undefined,,4244.478,6.430091381072998,NaN,1.6375446360191273,0.503233417963792,0.7062040267802587,0.8253163839661848,1.1332465982832445,1.534718262833281,1.2707664791803939,2.233043407600865,1.3669181299570399,1.9786647892220746,0.3070237105973135
4381250547575102208,undefined,,5468.597,6.440524578094482,NaN,0.9141521479508256,0.6559354179399155,1.2015432316352417,1.8059628712068183,2.079949935827641,2.283365943843283,2.6113797695275385,3.3552867461913896,2.718268167204498,6.046845728553752,0.43269226914158776
6796392812250051712,undefined,,5472.4863,6.442749977111816,NaN,0.915227793883827,0.6572155254965454,1.2043212428258447,1.809996543455574,2.0841614007925955,2.2873307214145115,2.617535842325915,3.360673865492207,2.723570834965121,6.066045119494246,0.4334917661030178
1379500756257031808,undefined,,5299.8394,6.4611592292785645,NaN,0.867479629476268,0.6003912637222603,1.0810047025170662,1.6309409269272275,1.8972135256844875,2.111333355085823,2.3442663890016617,3.121538430525424,2.488184222823725,5.213779846112217,0.39778590240284506
2920772722738017920,undefined,,5001.6396,6.468441963195801,NaN,0.785007873095463,0.5022430577814675,0.8680094639302764,1.321671840499209,1.5743127439869138,1.8073465505747566,1.8722689402933352,2.7084980638579204,2.0816189114092603,3.741727153191196,0.33482050807002256
2011251030583236352,undefined,,5152.031,6.5370378494262695,NaN,0.8266009355407369,0.5517422395345207,0.9754295632207565,1.4776458246689859,1.7371616145112818,1.9606565162821297,2.1103118803210394,2.91680712040202,2.2866623969349287,4.484128943407562,0.36681319676042795
3345968334645285376,undefined,,5187.5664,6.538569927215576,NaN,0.8364287987777157,0.5634382090066278,1.0008114414154332,1.5145003118076565,1.7756405418544117,1.9968815328415725,2.166558122400443,2.966027658597137,2.3351113260329277,4.659548179986612,0.3742981350160202
4093301474693288960,undefined,,4979.2075,6.5646514892578125,NaN,0.7901148044146905,0.5012281600169262,0.8642720135440054,1.3097535709331367,1.564743281775378,1.7986652408760866,1.8448896214108557,2.6904963625469063,2.055835001589318,3.678671029404792,0.334003403881474
3487062064765702272,undefined,,4537.787,6.578698635101318,NaN,0.9081606984399258,0.4911387673651967,0.8097892932246661,1.0928316289209523,1.3992772422870141,1.6498466992630763,1.3187277946231617,2.3565374657746596,1.5559055956961212,2.511832769232275,0.31741741525398076
1359938520253565952,undefined,,5419.562,6.583667278289795,NaN,0.9005907620138371,0.6397962478992019,1.1665189910954987,1.7551076739431117,2.026853187169391,2.233379347744962,2.533766052491468,3.28736773893672,2.651413896862237,5.80478619733548,0.422594187015143
5479222240596469632,undefined,,5300.3193,6.616180896759033,NaN,0.8676123532268781,0.6005492159543913,1.0813474807986005,1.6314386409920154,1.8977331775592932,2.1118225682492286,2.3450259856735416,3.1222031461689745,2.488838518007517,5.216148855371557,0.39788581026544007
5559265690666327168,undefined,,5192.068,6.653335094451904,NaN,0.8376737857244672,0.5649198463647451,1.0040268002655144,1.5191690128579742,1.7805150258711346,2.001470492992408,2.1736833576122225,2.972262882479214,2.341248803005963,4.681770168071292,0.37524448538322974
4852870701505115904,undefined,,5304.386,6.703752517700195,NaN,0.86873706186744,0.6018877121877872,1.0842522035273245,1.6356562983941227,1.902136737216039,2.1159681885276638,2.3514628512403943,3.1278359844845167,2.494383052752106,5.236223975094315,0.39873227712046205
4419140645978987904,undefined,,5166.087,6.703805923461914,NaN,0.8304883392468716,0.5563685712178547,0.9854693455196583,1.492223588566991,1.7523819244764167,1.9749852935791223,2.1325600378954057,2.93627626623605,2.3058263333870723,4.553515886831732,0.3697769746318506
4856592239127350400,undefined,,5048.038,6.751104354858398,NaN,0.7978400666155763,0.5175144285822635,0.901150459591726,1.3697925661996335,1.6245544934096716,1.8546453795827775,1.9457093866791078,2.7727650826446038,2.144878443927835,3.9707712024066066,0.34474944560753557
5038817840251308288,undefined,,5375.9287,6.778314590454102,NaN,0.8885232995685552,0.6254349702783707,1.1353530240364034,1.709854689773305,1.979605581107802,2.1888992795582207,2.4647022694885123,3.2269306956157218,2.5919242989398352,5.58939196579666,0.41357886199887095
876370076542359936,undefined,,5323.0674,6.77883243560791,NaN,0.8739036913207541,0.6080364282314006,1.0975957713303048,1.65503115884405,1.922365586005357,2.135012128496077,2.3810321974917983,3.1537118311680556,2.519853254974435,5.328444040894273,0.4026171376216381
4759543295545939840,undefined,,5311.339,6.806275367736816,NaN,0.8706600213131396,0.6041761928504379,1.089218524409813,1.6428673963154958,1.9096656796738913,2.123056121691151,2.362468218315988,3.137466673939838,2.5038627660526,5.270547211977369,0.4001788637193166
5107106033552702208,undefined,,4823.174,6.8202104568481445,NaN,0.8318417156147517,0.4976617573502543,0.8450134391439771,1.233075913599691,1.506254278041959,1.746060801542676,1.6589017223439164,2.572448434280066,1.8791197494557257,3.266216561004188,0.32966882404029646
3712538708114516736,undefined,,5149.093,6.850490093231201,NaN,0.8257883863027871,0.5507752387885307,0.9733310372962992,1.4745987650266736,1.7339802492098042,1.9576615000827442,2.1056615468724416,2.912737658929312,2.2826567306503245,4.4696256110384525,0.3661931793616162
5835498883232034816,undefined,,4986.093,6.866890907287598,NaN,0.7882734649134424,0.5013855394614773,0.8651218625445815,1.313137228990986,1.5673243046660164,1.8009865876832154,1.8530969594441966,2.6957056221615483,2.063633153066826,3.696871962167129,0.3341603185740024
5031808453624044800,undefined,,4815.105,6.884860992431641,NaN,0.83399954996746,0.497477327063698,0.8440175155965735,1.2291106624387313,1.503229621342436,1.743340454815971,1.649283682900007,2.566343791795054,1.8699812287568631,3.2448871983639562,0.32940285687447723
3852570413083923072,undefined,,4669.3193,6.885495185852051,NaN,0.8729859660777101,0.49414515474658266,0.8260237850841503,1.1574689576207504,1.4485819953417438,1.694190913138519,1.4755108965624395,2.4560488880985347,1.7048720904437953,2.8595214698895606,0.3238313278694413
3057712223051571200,undefined,,4795.7256,6.8898491859436035,NaN,0.8391820428482225,0.49703437895423114,0.8416255958054522,1.2195872780851935,1.4959652723471792,1.7368069702013347,1.6261839389913095,2.5516822093717004,1.848033149932779,3.1936602495041115,0.32874659258636324
6465749496610128512,undefined,,4901.7725,6.894970417022705,NaN,0.8108226868167181,0.4994582555381204,0.8547145293584543,1.271700624638813,1.5357168483229633,1.7725591498137014,1.7525891028411353,2.6319125242984356,1.9681362346644928,3.4739815764309063,0.3320412019101314
5856411869205581568,undefined,,5004.881,6.904045104980469,NaN,0.7859043322853508,0.5033099183049705,0.8703246994413506,1.3250335624612883,1.5778226410217022,1.8106508546961617,1.8773995021858758,2.7129877685609953,2.0860382329527987,3.7577282088553314,0.33551599238912555
1605198298364601088,undefined,,4666.703,6.918848991394043,NaN,0.8736856242778577,0.4940853549004162,0.8257008659148515,1.1561832609281717,1.447601277864614,1.6933088654075639,1.472392334584859,2.4540695131904253,1.7019090080662478,2.852605617680411,0.323717366458645
5274724279107404544,undefined,,5015.6987,6.9340410232543945,NaN,0.7888961341544353,0.5068704097855338,0.8780514604668785,1.336252819470355,1.5895364107364025,1.821678488031795,1.8945220046184457,2.7279715035416996,2.1007870743983266,3.8111293996549604,0.3378350228114892
6885342959337741184,undefined,,5185.343,6.946213722229004,NaN,0.8358138831971651,0.5627064086463032,0.9992233329945899,1.5121943783805918,1.773232969488413,1.9946149845033445,2.163038874139854,2.9629479987474374,2.3320799446792218,4.648572445068479,0.37383057015840193
2348830516542653824,undefined,,5230.2456,6.957821369171143,NaN,0.8482323901447377,0.5774854582368028,1.0312959232517507,1.5587637794339892,1.8218550163182687,2.0403889853183648,2.2341117341497223,3.0251431657741237,2.39330010496209,4.870232530853769,0.3832544063759892
1807953155988203264,undefined,,5359.677,6.959280490875244,NaN,0.8840286411443243,0.620085955294162,1.1237449186019224,1.6929997206824388,1.9620076932691293,2.1723321914821296,2.438978707845703,3.2044202575571767,2.5697667472864985,5.5091660275178755,0.4102135400137046
2324785228033780608,undefined,,5141.362,6.973323822021484,NaN,0.8236502589513267,0.5482306905355532,0.9678090141778584,1.4665807874586976,1.7256088621622478,1.9497804686881055,2.093424743641977,2.9020293516980313,2.2721162929218446,4.431461804862284,0.36456079783347006
1022456139210632064,undefined,,3745.384,6.9760260581970215,NaN,3.042463781967968,0.528544064845895,0.5129875393140644,0.3390667734424042,0.6412931800113845,1.334728503666242,1.2650626714323145,2.04766965578828,1.081371254568808,1.1323623146007733,0.21478239602182642
1833199729671740800,undefined,,4945.5796,7.035947322845459,NaN,0.7991076706719017,0.5004595389693013,0.8601214598868311,1.2932282184092019,1.5521378965943298,1.7873280804236196,1.8048060337772183,2.6650550058705225,2.0177498286795053,3.5897800052469746,0.33319607470696255
4247023886053586304,undefined,,4487.138,7.07664155960083,NaN,0.9544715476711498,0.49092735623511746,0.8001460754695771,1.0617314290072,1.3724348403335385,1.631953482971118,1.273539676189673,2.3231723104024256,1.5057513052340585,2.390137895473812,0.3159082165097303
369092520004831232,undefined,,4874.7036,7.092674255371094,NaN,0.8180615271079589,0.4988395512397238,0.8513735261471123,1.2583984822232848,1.5255700978292581,1.763433261412351,1.7203236736797496,2.611433412021506,1.9374794366789383,3.4024284243213323,0.3312682945670707
3712538811193759744,undefined,,5132.9688,7.112965106964111,NaN,0.8213289899710812,0.5454681886086495,0.9618140013156541,1.4578760287827772,1.7165204226631463,1.9412243863311676,2.080139795139332,2.890403822755645,2.2606730123704692,4.390029071969018,0.36278713802699547
3865002247461685248,undefined,,4910.116,7.1133317947387695,NaN,0.8085914449129108,0.4996489599743432,0.8557443333140576,1.275800770017604,1.538844401077018,1.7753720402479884,1.7625343391901565,2.6382248411374114,1.9775856394793343,3.4960365444800776,0.3322702493844074
5914096303621755520,undefined,,4866.0356,7.1169209480285645,NaN,0.8203795477014989,0.49864142982147247,0.8503036704885554,1.2541388717308823,1.5223209065699372,1.7605109704931443,1.7099916417179453,2.6048755930773884,1.9276625204045874,3.379515682300572,0.33101108208632096
6093381604489726848,undefined,,4876.358,7.1407084465026855,NaN,0.8176191028728466,0.49887736527691284,0.8515777219479334,1.25921148402285,1.5261902480391591,1.7639910184608898,1.7222956757191603,2.612685056652465,1.9393531222216573,3.40680161772225,0.3313168488041152
1176209886733406592,undefined,,4759.7764,7.180698394775391,NaN,0.8487956775876422,0.49621270077137475,0.8371885336180278,1.2019211971537813,1.4824897501483345,1.7246872170042031,1.5833334217553492,2.5244846615191543,1.8073189959722458,3.0986331676567707,0.3274626642813877
5970956070030449792,undefined,,4640.586,7.19134521484375,NaN,0.8806699048317899,0.4934884078445245,0.8224773518130365,1.143348899226501,1.4378113461479907,1.684503896333162,1.4412615456201094,2.4343105656404114,1.6723302814468164,2.783568690666541,0.3225508980830524
1451450048399808384,undefined,,4524.2183,7.2035980224609375,NaN,0.9117892778155103,0.49082863237583046,0.8081145642820887,1.086163726649579,1.3941910284614083,1.645272208169925,1.302554254927715,2.3462719976266384,1.5405384069730264,2.475965657712074,0.3166703790963753
2636589099125426816,undefined,,4905.6895,7.207798957824707,NaN,0.8097751918161531,0.4995477850253482,0.8551979885894844,1.27362550861421,1.537185131913499,1.7738797097503112,1.7572580656000638,2.6348759503256747,1.972572420756629,3.484335661628798,0.33214926834770603
6673000841376349696,undefined,,3588.5205,7.242661476135254,NaN,2.660097841132351,0.46013731102458993,0.4456034981735574,0.26185353286532076,0.5022807314788426,1.1147375104886068,1.0889835283625744,1.7482346275486238,0.93653926536915,0.93653926536915,0.17486371925603308
4780166972587269120,undefined,,4421.5454,7.2427825927734375,NaN,1.1391107129838243,0.49425376596290227,0.7747529195194454,0.9978268815607428,1.3077806794272988,1.6056701610374944,1.2727900627298903,2.2988098729594943,1.4682237814036976,2.2789139983785853,0.31670160149840576
4866978844438656768,undefined,,4899.634,7.254369735717773,NaN,0.8113945704160818,0.4994093765980039,0.8544505830818249,1.2706497274263067,1.5349152337050518,1.771838185446982,1.7500400661140563,2.6302946313805773,1.965714283181717,3.468328727006426,0.33198180149439327
2396530698208685312,undefined,,3828.1167,7.259579181671143,NaN,2.8095762813647918,0.5243484260377688,0.5450162186662394,0.4196703133618999,0.7228422160003171,1.3678799596008735,1.2660081675017512,2.0783982780449795,1.1287051515449928,1.2726502939034732,0.23894821608791417
4364527594192166400,undefined,,4311.1157,7.264702320098877,NaN,1.4499635779980027,0.49985400788525863,0.7320017769572315,0.8902391353340646,1.1989309068519205,1.5614203621861993,1.2715280363811903,2.257794016626743,1.4050435873219018,2.0916608388902174,0.31216944730755664
4187837450005193088,undefined,,4866.6045,7.2654948234558105,NaN,0.8202274108861245,0.4986544329680857,0.8503738874802668,1.254418439383066,1.5225341581743936,1.7607027669056892,1.7106697558138235,2.6053059972302854,1.9283068263192715,3.3810194962063886,0.3310281089799624
6614285855300051840,undefined,,4598.2256,7.2989020347595215,NaN,0.8919980404513786,0.49252019112490153,0.8172489815270725,1.1225322397546074,1.421932591946174,1.6702226997187233,1.3907690436917721,2.4022625922208913,1.6243551429894987,2.6715944270421454,0.32054378924968413
4467355154275146112,undefined,,5004.562,7.414200782775879,NaN,0.7858161079126802,0.5032049240102219,0.8700968472392053,1.3247027210637734,1.5774772170832498,1.81032566403326,1.8768945817059217,2.7125459175705955,2.0856033086693437,3.7561534767158653,0.3354475594440723
6608490501308343168,undefined,,4445.959,7.419589996337891,NaN,1.0703879191583394,0.49301567452377276,0.7842042654350537,1.0216121875181041,1.331844991906154,1.615452827197377,1.2730690692513844,2.307877584908048,1.4821915453859897,2.3203115910052543,0.31680177272678917
2904830113367963264,undefined,,4791.3335,7.4225544929504395,NaN,0.840356590408085,0.496933990273901,0.8410834969316696,1.217428921458096,1.4943188979897652,1.7353262371664655,1.6209486693120938,2.5483593440527734,1.8430588908224217,3.182050298623933,0.32859439662330264
1827242816201846144,undefined,,4897.251,7.428370952606201,NaN,0.8120318388833644,0.49935490920763786,0.8541564591738483,1.269478678533437,1.534021968503049,1.7710347914390832,1.7471995917064678,2.6284917607594616,1.96301542398908,3.462029573310594,0.3319152754003678
2163558855915068416,undefined,,4818.725,7.431636810302734,NaN,0.8330314795303793,0.4975600681266964,0.8444643173367645,1.2308895952931962,1.5045865747756093,1.7445608854951968,1.653598629335372,2.5690825209802997,1.8740810484284318,3.2544562022997168,0.32952270420516416
892215482207937152,undefined,,4814.082,7.451118469238281,NaN,0.8342731234639055,0.4974539447135745,0.8438912509059061,1.228607941911075,1.5028461508004098,1.7429955651516487,1.6480642933410643,2.565569836005965,1.8688226333082412,3.2421830295721676,0.3293688328300773
5170039467784804096,undefined,,4505.107,7.465278625488281,NaN,0.916900074650919,0.4903918121334878,0.8057557349734384,1.0767720914392127,1.3870271764869895,1.638829109595371,1.279774079289547,2.3318132476050977,1.518893963964949,2.4254473966851497,0.31558857302896437
1314438839310796800,undefined,,3880.6682,7.486152648925781,NaN,2.661647016540269,0.5216833720406763,0.5653607153764377,0.470869378883506,0.7746418570705637,1.3889376397750823,1.2666087430503918,2.097916983375797,1.15877146494881,1.3617606909330133,0.2517865754800526
6229442835525861120,undefined,,4655.411,7.489461421966553,NaN,0.8767053622268949,0.49382725763981467,0.8243071407076035,1.15063416982524,1.4433684827907498,1.689501930813692,1.4589325624444922,2.445526493864516,1.6891202888034447,2.82275666949185,0.32321950579790315
3213958769587525888,undefined,,4587.147,7.49282169342041,NaN,0.894960710380727,0.4922669714728205,0.8158815954058347,1.1170880172348647,1.417779789652045,1.6664877098505277,1.3775636388357446,2.393881021737008,1.6118081092288818,2.6423095742789706,0.3199944671228349
4224259562941398400,undefined,,4810.8853,7.512979030609131,NaN,0.8351279938413133,0.49738087886935156,0.8434966953471026,1.227037026260283,1.5016478709551546,1.7419178439493612,1.644253909564841,2.5631513565621873,1.8652022207269972,3.233732964687791,0.329262070760992
3655492127855307136,undefined,,4893.271,7.514656066894531,NaN,0.8130961815186079,0.49926393975163413,0.8536652241114282,1.267522835229357,1.5325300694245878,1.7696929919630284,1.7424555345758739,2.625480671765738,1.958507887444096,3.451508955723764,0.3318033790499281
1408029509584967168,undefined,,4736.827,7.5214433670043945,NaN,0.8549328697668515,0.4956881544312714,0.8343559833814697,1.190643450841559,1.4738871901706396,1.7169501584876785,1.555978330118959,2.507122177661733,1.781327724820124,3.0379693834238175,0.32659673850937737
3411339626674506624,undefined,,4305.874,7.535820007324219,NaN,1.4647186435514268,0.5001198311926154,0.7299725342447332,0.8851323326406186,1.1937642003145632,1.559319983659056,1.271468132537279,2.255847141699623,1.402044651136088,2.082772606049865,0.311822223975991
3394298532176344960,undefined,,4546.193,7.543094158172607,NaN,0.9059127426128265,0.4913309003418718,0.8108268112987119,1.0969624879194682,1.4024282231044864,1.6526806606690347,1.3287475293567717,2.3628970673026073,1.5654257846903754,2.5340529479847573,0.3178716655929591
2436812303124645504,undefined,,4884.119,7.5434770584106445,NaN,0.8155436347341223,0.49905475571612007,0.8525356303196524,1.263025378465805,1.5290994512421574,1.7666075274391961,1.7315465871238163,2.618556680190224,1.9481428184843748,3.427316822016564,0.33154232871709177
1743592452563243136,undefined,,4604.6973,7.574460029602051,NaN,0.8902673604934629,0.49266811248882597,0.8180477568922644,1.1257125490789825,1.4243585023145346,1.6724045398366085,1.3984831428204305,2.4071587893667896,1.6316846465719534,2.6887015327800046,0.3208599192175897
4467355158571184256,undefined,,4965.8535,7.583468437194824,NaN,0.793685968120982,0.5009229323497219,0.8626237841411016,1.3031911760882422,1.5597375480332258,1.7941631327848215,1.8289719985661463,2.6803933267624407,2.0407109706793403,3.6433714496926037,0.3336909674333576
2145277550935525760,undefined,,4069.7224,7.599592685699463,NaN,2.1294709831637078,0.5120958312211544,0.6385501114916613,0.6550581912472789,0.9609912420133838,1.4646927158279246,1.268769315629439,2.1681355921948304,1.2669351296873599,1.6823356473491402,0.28658144966741567
4503794795019024000,undefined,,4542.2188,7.606561183929443,NaN,0.9069755341959884,0.49124006345442206,0.8103362921064834,1.0950094948392988,1.4009384981503108,1.651340816579151,1.3240103856762675,2.359890366328021,1.5609248169172407,2.523547661951194,0.3176577111775376
1408029436569383296,undefined,,4738.4966,7.622318267822266,NaN,0.8544863807055946,0.4957263158894985,0.8345620552558959,1.1914639221934413,1.4745130380855638,1.717513039996528,1.5579684501655013,2.5083853219290497,1.783218625075276,3.0423827560677794,0.32666097463221355
2322574488107786624,undefined,,4759.745,7.629270553588867,NaN,0.8488040746627041,0.4962119830726515,0.8371846580449223,1.2019057666312316,1.4824779798892733,1.7246766309480352,1.5832959937669322,2.5244609056914147,1.807283434000509,3.098550165799428,0.3274615044168566
1416124285987232256,undefined,,4694.039,7.649184703826904,NaN,0.8663753553640356,0.4947101642092898,0.8290748361827693,1.1696166610689556,1.4578481505301422,1.7025248027134505,1.5049761400426211,2.4747507013141434,1.732868309320938,2.924864814251651,0.3248826623733376
5994771148252505216,undefined,,4413.7607,7.658037185668945,NaN,1.1610241683158222,0.49464855290240284,0.7717391938686098,0.9902425240187877,1.3001073558144702,1.6025507881774967,1.2727010966590169,2.2959184756561095,1.4637699174805994,2.265713657612749,0.3165872023292321
3256334497479041024,undefined,,4465.0986,7.672568321228027,NaN,1.0165111134147262,0.49204504442790964,0.7916138641950228,1.0402592220358127,1.3507107599665924,1.6231221720393376,1.273287802794114,2.314986425046764,1.4931418933688962,2.352766180407776,0.3165711228248522
1453180404823190912,undefined,,4545.7686,7.67617130279541,NaN,0.9060262368375493,0.49132119998078444,0.8107744293488398,1.0967539301560885,1.4022691371826528,1.6525375803429954,1.328241655526062,2.3625759853506136,1.5649451317984933,2.532931101224996,0.31784888634537833
4270446404294208000,undefined,,4658.3945,7.68353271484375,NaN,0.8759075063846212,0.49389545044684663,0.8246753818655759,1.1521003151764264,1.4444868448260733,1.6905077747174133,1.4624888173312072,2.447783675777273,1.6924992423918765,2.8306431676250927,0.323351998926976
4673947174316727040,undefined,,4425.028,7.686758995056152,NaN,1.1293074065572155,0.4940771522211389,0.7761011539988216,1.00121985541659,1.31121345356298,1.6070656583491736,1.2728298630097243,2.300103382054099,1.4702162829128866,2.2848193648989534,0.3167404648033064
6288325222245417856,undefined,,4214.972,7.691279411315918,NaN,1.7206022250111148,0.5047297612316,0.6947812373274149,0.7965697330184378,1.1041627432188084,1.5228950434918689,1.2704292750637047,2.222084273808469,1.350036848865291,1.9286321284083274,0.30426535860342757
145421309108301184,undefined,,3815.0378,7.704111576080322,NaN,2.8463925865456803,0.5250116987268941,0.5399529257436204,0.40692800423560416,0.7099504369722465,1.3626391711698969,1.2658586975999766,2.073540506237301,1.1212223145873954,1.2504726972276474,0.23547651789230395
732857558276385664,undefined,,3869.1812,7.735226631164551,NaN,2.693982220388671,0.522265914408917,0.5609137018047975,0.45967800155561445,0.7633192025892658,1.3843347345837722,1.2664774658969855,2.0936504758900902,1.1521994024564042,1.3422824432963458,0.24912279080742047
3382815271394515072,undefined,,4580.8833,7.743427276611328,NaN,0.8966357664019263,0.4921238042915214,0.8151084926268196,1.1140099228369342,1.4154318478787398,1.6643759939263663,1.3700974703309972,2.3891421880360086,1.604714175395512,2.6257522897617314,0.3196792763442707
819750862709551360,undefined,,4503.621,7.74352502822876,NaN,0.9172974648911129,0.4903578471556935,0.805572324093349,1.0760418444166342,1.386470150851162,1.6383281261729046,1.2780028056975716,2.330689006840105,1.5172109993152394,2.4215193470032337,0.31550297539989647
151650076838458112,undefined,,4289.0933,7.745692253112793,NaN,1.511955289779237,0.5009708339538879,0.723476146968541,0.8687834908606811,1.17722358326448,1.5525958632495658,1.271276357267133,2.249614445419881,1.392443901674409,2.054317950341968,0.3106422931393105
4879850208590379904,undefined,,4548.9517,7.771414756774902,NaN,0.9051750034098504,0.4913939549746048,0.8111673063154702,1.098318162523228,1.4034623190813078,1.6536107165018465,1.3320358284537979,2.36498417564607,1.5685501417422958,2.5413452162603294,0.31801933725048626
3689602277083844480,undefined,,3738.3154,7.822748184204102,NaN,3.062361459509782,0.5289025360728599,0.5102510406518814,0.3321800867722611,0.6343257110929111,1.3318960760841672,1.2649818891839844,2.045044232717551,1.077327093261781,1.120376248504791,0.21244790949530704
6721432232656218752,undefined,,4235.4004,7.846924781799316,NaN,1.663097525934183,0.5036937719815462,0.7026897749827555,0.8164723997377819,1.1242988723043619,1.531080817707083,1.2706627374299142,2.2296718007102716,1.3617245585736448,1.9632721069946344,0.3062053663675047
272855565763652480,undefined,,3760.6282,7.952531337738037,NaN,2.9995522894541864,0.5277709828949996,0.5188890944885048,0.3539186576821399,0.6563192799020261,1.3408369399261335,1.2652368870832202,2.053331664442725,1.0900929255922893,1.1582115618039495,0.21965865682846084
3052753116376444800,undefined,,4507.9497,7.993809700012207,NaN,0.9161398719350381,0.4904567867245888,0.8061065977653836,1.078169045147883,1.3880927597810448,1.63978748481411,1.2831625042154609,2.3339639065705384,1.5221134549540007,2.4329617081459736,0.3157517185723172
5630532113072532736,undefined,,4576.884,8.002314567565918,NaN,0.8977052702966823,0.492032393702226,0.8146148754446246,1.1120445951670834,1.4139327142142954,1.6630276877342591,1.3653304080992428,2.386116497530331,1.6001847806959255,2.6151806551097194,0.31947626909604726
1284721994948665216,undefined,,4076.1396,8.020256996154785,NaN,2.1114069568612823,0.5117703945635872,0.6410344307649205,0.6613102419644847,0.9673166305689146,1.4672641237841948,1.2688426534677641,2.170519071940393,1.2706066052185048,1.6932171491106116,0.28751089397062074
6143175840408947840,undefined,,4555.144,8.066553115844727,NaN,0.9035190413746196,0.4915354901912912,0.8119315964855767,1.101361169681985,1.4057834966349645,1.6556983609479707,1.3394168900039927,2.369668991318389,1.575563211729106,2.5577137640701095,0.31834830349137655
5970189332424492160,undefined,,4334.8286,8.070219993591309,NaN,1.3832132119026985,0.49865145117559956,0.741181857754911,0.9133417740942763,1.2223045443072669,1.570922253934351,1.2717990350763246,2.2666014742186125,1.41861045949707,2.1318702702807912,0.31360750235552637
6748283784056800384,undefined,,4570.5166,8.074734687805176,NaN,0.8994080580594082,0.49188685628660844,0.8138289734002897,1.1089155407313052,1.411545900598167,1.6608810108538998,1.3577406318747856,2.381299209073389,1.5929734017520742,2.5983492529935455,0.3191501975700948
5334356223546958464,undefined,,3844.5713,8.075447082519531,NaN,2.7632575867322577,0.5235139608464696,0.551386361394185,0.4357014474595341,0.739061398591765,1.3744734099152227,1.2661962159955653,2.084509854093931,1.1381193292665506,1.3005519891731092,0.24315268980007435
2395031273585836288,undefined,,4036.3137,8.085914611816406,NaN,2.223514434439942,0.5137900928401883,0.6256164523717123,0.622509277890064,0.9280605232208936,1.451305662753586,1.2683875101941637,2.155726915548385,1.247820995083893,1.6256852658901755,0.28150479884336305
6651058467639413248,undefined,,4434.9478,8.086159706115723,NaN,1.1013837750489568,0.49357408755808735,0.7799414504407085,1.0108843652814126,1.3209913301124339,1.6110405777290602,1.2729432296943557,2.303787799304618,1.4758917025622433,2.3016401467311294,0.31680746870497417
4706630501049679744,undefined,,4398.7754,8.091019630432129,NaN,1.2032068731325225,0.4954085052094279,0.7659378678065313,0.9756428768810106,1.285336451818772,1.5965460945966368,1.2725298398010958,2.2903526277736725,1.4551963710309224,2.2403034213187,0.3162655411290443
25488745411919360,undefined,,4192.4834,8.109455108642578,NaN,1.783906261336105,0.505870229787569,0.6860751252522704,0.7746598863939042,1.0819958895957467,1.513883735605972,1.2701722680651768,2.2137315463563008,1.3371704360014707,1.8904987150016979,0.30197414172679926
4946938113149426944,undefined,,3611.9612,8.196381568908691,NaN,2.767360158472723,0.47500508977681427,0.45607791527647584,0.26879182961635883,0.5221044364818083,1.1571709547111715,1.125898481732962,1.807652164976432,0.9615332069472137,0.9615332069472137,0.17994067645375658
219057458247921536,undefined,,4819.093,8.232109069824219,NaN,0.8329330679500353,0.4975684793728796,0.844509738066154,1.2310704370861358,1.5047245192130145,1.7446849513763998,1.6540372758238282,2.5693609332289653,1.874497825676812,3.2554289629208086,0.329534839569132
6471497502884511232,undefined,,3917.272,8.240460395812988,NaN,2.558609553788799,0.5198270767208706,0.5795313078177715,0.5065311650273793,0.8107219632865057,1.403604987301998,1.2670270631224607,2.111512385718036,1.179713613556759,1.4238289316262356,0.25979324332632775
1510834911934401152,undefined,,3906.2532,8.254613876342773,NaN,2.589626803215522,0.5203858751753992,0.5752655506015107,0.49579593837981517,0.7998608102266536,1.399189692471145,1.2669011367101728,2.1074197773186714,1.1734094225415836,1.4051446002029826,0.2574571537530613
4258375617747092864,undefined,,3999.3354,8.26960277557373,NaN,2.3276060918324175,0.5156653802481725,0.6113008780741427,0.586482629657804,0.8916112750093694,1.4364882509806403,1.2679649102148998,2.1419924162223034,1.2266645836219865,1.562981993966872,0.2753978934375392
6669657123437047424,undefined,,4389.5796,8.282655715942383,NaN,1.2290924888328054,0.49587485352577404,0.762377856715551,0.9666837345782485,1.2762722169376786,1.592861286068888,1.2724247472227643,2.286937118977898,1.4499351738282005,2.22471031000876,0.3160060825460978
830239138487431808,undefined,,3997.303,8.291128158569336,NaN,2.3333271737773553,0.5157684497275155,0.6105140659923979,0.5845025343081734,0.8896079527348165,1.4356738569255505,1.2679416832899773,2.141237541162327,1.225501785693061,1.5595356989815181,0.2750466422169866
892348454394856064,undefined,,3680.8228,8.29611587524414,NaN,3.082464007409218,0.5186820718346951,0.4868485458794152,0.28917442124336984,0.5803404125589826,1.281827422422312,1.2343433128604568,1.9822026986780172,1.034957755163435,1.034957755163435,0.19478819107028802
3057712188691831936,undefined,,3874.2908,8.334734916687012,NaN,2.6795990082720347,0.5220067903134384,0.5628918040547891,0.46465610389692175,0.7683556990929344,1.3863821799015679,1.2665358600593468,2.095548286166835,1.1551227602096208,1.3509466771367151,0.2503170174973664
650337664425397632,undefined,,4379.523,8.345873832702637,NaN,1.2574012039909699,0.49638485575267827,0.7584846002791832,0.9568859453177216,1.2663594975978494,1.5888315501633485,1.272309817143462,2.283201891400571,1.4441814867331257,2.2076575594922714,0.31567163080459854
1471777269618346240,undefined,,3739.4382,8.357505798339844,NaN,3.059200846044039,0.5288455953075547,0.5106857152264647,0.3332739910522087,0.6354324470946177,1.332345988328339,1.2649947209057433,2.045461263674716,1.0779694813323368,1.1222801552207702,0.21282193091149806
6260386975385254656,undefined,,4101.4546,8.362634658813477,NaN,2.0401467770560853,0.5104865902585456,0.6508347396850973,0.6859737500219039,0.9922694466387375,1.4774079859691007,1.269131961480168,2.1799215823435145,1.2850900875894673,1.7361432254510167,0.29103864390161566
383426372059603712,undefined,,3875.68,8.371855735778809,NaN,2.675688495067004,0.5219363395553676,0.5634296112502031,0.4660095522632404,0.769725023686424,1.3869388401167473,1.2665517362865177,2.096064263549889,1.1559175638323635,1.3533023123431964,0.2506391043011093
4843073709303881728,undefined,,4336.919,8.376395225524902,NaN,1.3773288634980063,0.4985454403314653,0.7419911236354853,0.915378376790039,1.2243650367707217,1.5717598889140596,1.271822924844017,2.26737789166861,1.4198064409921625,2.1354149145621255,0.31372348701843933
6866310172545095424,undefined,,3987.565,8.386856079101562,NaN,2.3607390493824507,0.5162622947333418,0.6067441505958078,0.5750151457455368,0.8800092751567825,1.4317717858231758,1.2678303942745799,2.137620648161908,1.219930379359724,1.5430231913219148,0.2733402802626679
2683023811628007296,undefined,,3501.5764,8.403359413146973,NaN,2.2622502663981066,0.40499110623500306,0.4067527484929655,0.2361186372968469,0.42875245842606,0.9573472611431911,0.9520619604345549,1.527848533452581,0.8438340238039528,0.8438340238039528,0.15589945219965823
6171492113110925312,undefined,,3826.127,8.416762351989746,NaN,2.815177165416082,0.524449330064067,0.5442459372260467,0.4177318191101974,0.7208809828131106,1.3670826756747698,1.2659854285662475,2.0776592626411046,1.1275667835863317,1.2692764043480906,0.2384276470797747
3244915072792668416,undefined,,3877.1719,8.423979759216309,NaN,2.6714888876306473,0.5218606805530887,0.5640071771549241,0.46746305760279655,0.7711955789419865,1.387536652796726,1.2665687862025243,2.0966183858201015,1.1567711252524402,1.355832093630664,0.25098377521323906
3498481519515679872,undefined,,4372.129,8.457304000854492,NaN,1.2782148626707899,0.4967598290503863,0.7556221280628771,0.9496822329504863,1.2590712842057783,1.5858687329800503,1.2722253161186263,2.280455608093414,1.4399511541772934,2.1951197199322885,0.315393471999471
4282578724832056576,undefined,,3560.909,8.460502624511719,NaN,2.533750356831811,0.44262411077813646,0.4332653697116415,0.25368070608364246,0.4789297978169046,1.0647538903257556,1.0455003032461547,1.6782449371943289,0.9070981557656527,0.9070981557656527,0.16886570512468518
1586968533015434624,undefined,,3601.6807,8.467482566833496,NaN,2.720317610536112,0.46848445688350276,0.4514841000309176,0.26574886759948013,0.5134102592907263,1.1385607159670175,1.1097085139365959,1.7815931311793785,0.9505714943535928,0.9505714943535928,0.17771564715029922
6490470881687779968,undefined,,4399.5527,8.482868194580078,NaN,1.2010188210779082,0.4953690858499055,0.7662387874242934,0.9764001727456374,1.2861026309193477,1.596857563057088,1.2725387230370444,2.2906413329420054,1.4556410880306043,2.2416214714525884,0.31628536739538077
6832674634380238848,undefined,,3885.392,8.49767780303955,NaN,2.6483498078749017,0.5214438130923786,0.5671894611507663,0.4754716099465765,0.7792980732487435,1.3908304928736033,1.2666627281655012,2.0996714996168504,1.161474094773971,1.3697707323873607,0.2528603368163624
4389844948935164544,undefined,,3754.776,8.532959938049316,NaN,3.0160258752434808,0.5280677666024445,0.5166235061866024,0.34821706645742595,0.6505508078418317,1.3384919306320977,1.2651700062477398,2.0511580372896083,1.0867447037660458,1.148288117839528,0.21781165416560697
4819591920506512768,undefined,,4265.911,8.539438247680664,NaN,1.57721204926168,0.502146482247025,0.7145014797167054,0.846197796891117,1.1543729544682932,1.5433065858911161,1.2710114224405105,2.2410040635546515,1.3791806019166226,2.0150082454418614,0.3088470834775007
5285775539195330560,undefined,,4179.2197,8.570058822631836,NaN,1.8212427672370417,0.5065428742734779,0.6809402898809668,0.7617375331716566,1.0689219545175195,1.5085688967806927,1.2700206862091972,2.2088051360369687,1.3295818693364996,1.8680077571207478,0.3005469346967339
354077348697687424,undefined,,3731.8298,8.636086463928223,NaN,3.0806180276371604,0.5292314415123534,0.5077402413813817,0.32586139635720296,0.6279329011421925,1.3292972598650705,1.264907769648324,2.042635347808585,1.073616484007777,1.1093787624011633,0.21026330142465358
5073448642595674752,undefined,,4130.81,8.660046577453613,NaN,1.957513117871669,0.5089978843965579,0.6621992266878767,0.7145736767226255,1.0212048563506113,1.4891708590476234,1.26946744449132,2.19082478020596,1.3018852058352723,1.7859205172307187,0.29485938954225516
1234693112077610880,undefined,,4049.1663,8.71272087097168,NaN,2.187335149945996,0.5131382965450677,0.6305921367654497,0.6350311109399862,0.9407292399429555,1.4564557715079895,1.2685343938663036,2.16050063489293,1.255174358920394,1.6474791307439252,0.28350578807615323
4291123545113039616,undefined,,3831.6216,8.713563919067383,NaN,2.799710201799347,0.5241706813919563,0.5463730862441311,0.42308501331807,0.7262969710879378,1.3692843926473626,1.266048222633202,2.079700069817126,1.1307104115632423,1.2785934740324671,0.23985872687279391
6328672145023976960,undefined,,3899.8958,8.720943450927734,NaN,2.6075224961680634,0.5207082791844402,0.5728043819691135,0.48960214868500007,0.793594366107266,1.3966422467095678,1.2668284822856,2.1050585085200617,1.1697721604114175,1.3943644999570215,0.2560808492950997
4188997606567280384,undefined,,3995.0083,8.729496955871582,NaN,2.3397866142118398,0.5158848212755612,0.6096257085411189,0.5822668893569841,0.8873460832094198,1.4347543577924,1.26791545871577,2.1403852425005834,1.224188917946798,1.5556446277834803,0.27464804470211596
1537992501630401920,undefined,,3840.6392,8.753118515014648,NaN,2.774326208221968,0.5237133701653657,0.5498641099738797,0.43187054167116445,0.7351855554920949,1.3728977954377484,1.2661512786842648,2.083049391476664,1.1358696551195682,1.293884415608894,0.2421639929717377
3566643651231641600,undefined,,4357.5933,8.795940399169922,NaN,1.3191319709304918,0.4974969807089599,0.7499948576551738,0.9355206151716906,1.2447435477433604,1.5800441966355454,1.272059197435004,2.2750567508756916,1.431634837578455,2.1704718602498394,0.31477100040726
676689831406224128,undefined,,3953.079,8.84362506866455,NaN,2.4578150344016887,0.5180111896677153,0.5933934315193229,0.5414166571471506,0.8460166693900867,1.4179530526093231,1.2674362771062704,2.124811840191849,1.2001998886212288,1.48454605647399,0.2669743926265443
1462061709995883136,undefined,,3905.417,8.8446683883667,NaN,2.591980655174958,0.5204282815415804,0.5749418287639024,0.49498125833092643,0.799036573813555,1.3988546224510376,1.2668915803459628,2.107109195481852,1.1729310070583288,1.4037266746633479,0.2572773305031252
6313600142709958144,undefined,,3808.5635,8.844958305358887,NaN,2.8646173458627953,0.5253400311073851,0.5374465010925479,0.40062032301039596,0.7035687653514348,1.3600448829240452,1.2657847072043729,2.071135818380183,1.1175181704074895,1.2394943722799612,0.23371348599025488
70051608089857536,undefined,,3655.8152,8.871369361877441,NaN,2.9680317111415695,0.5028204523470465,0.4756739635016304,0.28177233214913383,0.5591915865754513,1.236557503019726,1.194960769339773,1.9188133797165676,1.008293086727442,1.008293086727442,0.18940669319775894
3359074685047632640,undefined,,3503.4954,8.878268241882324,NaN,2.271031419988919,0.4062082741278355,0.4076102487562042,0.23668664898016867,0.43037534894983653,0.960821124102194,0.9550840457612633,1.532712818833306,0.8458801817210925,0.8458801817210925,0.1563207250711856
6335064087152916224,undefined,,3973.3372,8.901265144348145,NaN,2.400789437935972,0.5169838318019285,0.6012360788891321,0.5611535040335341,0.8659850335419997,1.4260706267319487,1.2676677943717998,2.1323361513215557,1.2117902217267957,1.5188974307469187,0.2707761744120394
610304720935037184,undefined,,3989.9343,8.91433048248291,NaN,2.3540696145014537,0.5161421399816162,0.6076613882779951,0.5773234708350269,0.8823446773734219,1.4327211775938529,1.2678574714017292,2.1385006547942655,1.221285928037643,1.5470407600627134,0.27375903380486327
6026895540811552512,undefined,,3921.3901,8.943901062011719,NaN,2.5470173536522873,0.5196182347493679,0.5811255662481164,0.5105432840292067,0.8147811452678267,1.4052551330204914,1.2670741261019542,2.1130419325515772,1.182069703967656,1.4308119012085951,0.26065059544807495
3943232534138172672,undefined,,4006.3718,8.973732948303223,NaN,2.307799055325158,0.5153085419857987,0.6140249110066306,0.5933379450081979,0.8985470046160732,1.439307775842496,1.2680453244712093,2.144605879552366,1.230690322328486,1.5749134592468101,0.27660113254957824
